Patient ID,Sample ID,Mutation Count,Overall Survival Status,Cancer Type,Sex,total_segments,mean_seg_mean,gain_segments,loss_segments,frac_gain,frac_loss
TCGA-3C-AAAU,TCGA-3C-AAAU-01,18.0,0:LIVING,Invasive Breast Carcinoma,Female,657.0,0.20623774733637748,340.0,202.0,0.517503805175038,0.3074581430745814
TCGA-3C-AALI,TCGA-3C-AALI-01,408.0,0:LIVING,Invasive Breast Carcinoma,Female,622.0,0.10238022508038586,285.0,184.0,0.45819935691318325,0.2958199356913183
TCGA-3C-AALJ,TCGA-3C-AALJ-01,25.0,0:LIVING,Invasive Breast Carcinoma,Female,600.0,0.2547053333333333,304.0,165.0,0.5066666666666667,0.275
TCGA-3C-AALK,TCGA-3C-AALK-01,40.0,0:LIVING,Invasive Breast Carcinoma,Female,150.0,-0.09464133333333333,28.0,32.0,0.18666666666666668,0.21333333333333335
TCGA-4H-AAAK,TCGA-4H-AAAK-01,15.0,0:LIVING,Invasive Breast Carcinoma,Female,172.0,-0.15060697674418605,23.0,46.0,0.13372093023255813,0.26744186046511625
TCGA-5L-AAT0,TCGA-5L-AAT0-01,117.0,0:LIVING,Invasive Breast Carcinoma,Female,128.0,-0.18092421875,10.0,36.0,0.078125,0.28125
TCGA-5L-AAT1,TCGA-5L-AAT1-01,933.0,0:LIVING,Invasive Breast Carcinoma,Female,82.0,-0.27270365853658535,7.0,29.0,0.08536585365853659,0.35365853658536583
TCGA-5T-A9QA,TCGA-5T-A9QA-01,30.0,0:LIVING,Invasive Breast Carcinoma,Female,335.0,-0.10461343283582089,114.0,113.0,0.3402985074626866,0.3373134328358209
TCGA-A1-A0SB,TCGA-A1-A0SB-01,12.0,0:LIVING,Invasive Breast Carcinoma,Female,65.0,-0.3243615384615385,2.0,19.0,0.03076923076923077,0.2923076923076923
TCGA-A1-A0SD,TCGA-A1-A0SD-01,27.0,0:LIVING,Invasive Breast Carcinoma,Female,150.0,-0.03390133333333334,52.0,38.0,0.3466666666666667,0.25333333333333335
TCGA-A1-A0SE,TCGA-A1-A0SE-01,22.0,0:LIVING,Invasive Breast Carcinoma,Female,124.0,-0.19210887096774193,29.0,34.0,0.23387096774193547,0.27419354838709675
TCGA-A1-A0SF,TCGA-A1-A0SF-01,43.0,0:LIVING,Invasive Breast Carcinoma,Female,133.0,0.029319548872180447,53.0,38.0,0.39849624060150374,0.2857142857142857
TCGA-A1-A0SG,TCGA-A1-A0SG-01,22.0,0:LIVING,Invasive Breast Carcinoma,Female,93.0,-0.3740817204301075,10.0,36.0,0.10752688172043011,0.3870967741935484
TCGA-A1-A0SH,TCGA-A1-A0SH-01,84.0,0:LIVING,Invasive Breast Carcinoma,Female,222.0,-0.10307117117117118,36.0,50.0,0.16216216216216217,0.22522522522522523
TCGA-A1-A0SI,TCGA-A1-A0SI-01,158.0,0:LIVING,Invasive Breast Carcinoma,Female,95.0,-0.10554947368421053,20.0,31.0,0.21052631578947367,0.3263157894736842
TCGA-A1-A0SJ,TCGA-A1-A0SJ-01,26.0,0:LIVING,Invasive Breast Carcinoma,Female,486.0,0.21487201646090537,246.0,148.0,0.5061728395061729,0.3045267489711934
TCGA-A1-A0SK,TCGA-A1-A0SK-01,53.0,1:DECEASED,Invasive Breast Carcinoma,Female,550.0,-0.03211363636363636,169.0,146.0,0.30727272727272725,0.26545454545454544
TCGA-A1-A0SM,TCGA-A1-A0SM-01,16.0,0:LIVING,Invasive Breast Carcinoma,Male,169.0,0.10220473372781064,58.0,29.0,0.3431952662721893,0.17159763313609466
TCGA-A1-A0SN,TCGA-A1-A0SN-01,50.0,0:LIVING,Invasive Breast Carcinoma,Female,349.0,0.3965467048710602,189.0,69.0,0.5415472779369628,0.1977077363896848
TCGA-A1-A0SO,TCGA-A1-A0SO-01,246.0,0:LIVING,Invasive Breast Carcinoma,Female,1188.0,0.06101835016835017,598.0,314.0,0.5033670033670034,0.26430976430976433
TCGA-A1-A0SP,TCGA-A1-A0SP-01,41.0,0:LIVING,Invasive Breast Carcinoma,Female,440.0,0.08225909090909092,175.0,101.0,0.3977272727272727,0.22954545454545455
TCGA-A1-A0SQ,TCGA-A1-A0SQ-01,21.0,0:LIVING,Invasive Breast Carcinoma,Female,267.0,0.38252134831460677,121.0,32.0,0.45318352059925093,0.1198501872659176
TCGA-A2-A04N,TCGA-A2-A04N-01,36.0,0:LIVING,Invasive Breast Carcinoma,Female,80.0,0.08833125,18.0,15.0,0.225,0.1875
TCGA-A2-A04P,TCGA-A2-A04P-01,116.0,1:DECEASED,Invasive Breast Carcinoma,Female,596.0,-0.018973825503355708,274.0,173.0,0.4597315436241611,0.2902684563758389
TCGA-A2-A04Q,TCGA-A2-A04Q-01,30.0,0:LIVING,Invasive Breast Carcinoma,Female,279.0,-0.06213691756272402,28.0,26.0,0.1003584229390681,0.0931899641577061
TCGA-A2-A04R,TCGA-A2-A04R-01,71.0,0:LIVING,Invasive Breast Carcinoma,Female,215.0,-0.3901162790697674,34.0,80.0,0.15813953488372093,0.37209302325581395
TCGA-A2-A04T,TCGA-A2-A04T-01,87.0,0:LIVING,Invasive Breast Carcinoma,Female,683.0,0.0069472913616398235,288.0,222.0,0.4216691068814056,0.32503660322108346
TCGA-A2-A04U,TCGA-A2-A04U-01,45.0,0:LIVING,Invasive Breast Carcinoma,Female,2631.0,0.22760809578107183,1480.0,411.0,0.5625237552261497,0.15621436716077536
TCGA-A2-A04V,TCGA-A2-A04V-01,23.0,1:DECEASED,Invasive Breast Carcinoma,Female,285.0,0.08579789473684211,82.0,42.0,0.28771929824561404,0.14736842105263157
TCGA-A2-A04W,TCGA-A2-A04W-01,112.0,0:LIVING,Invasive Breast Carcinoma,Female,571.0,0.35629912434325745,287.0,43.0,0.5026269702276708,0.07530647985989491
TCGA-A2-A04X,TCGA-A2-A04X-01,23.0,0:LIVING,Invasive Breast Carcinoma,Female,469.0,0.05169957356076759,105.0,113.0,0.22388059701492538,0.24093816631130063
TCGA-A2-A04Y,TCGA-A2-A04Y-01,35.0,0:LIVING,Invasive Breast Carcinoma,Female,340.0,0.5880864705882353,189.0,40.0,0.5558823529411765,0.11764705882352941
TCGA-A2-A0CK,TCGA-A2-A0CK-01,0.0,0:LIVING,Invasive Breast Carcinoma,Female,104.0,-0.11824134615384616,11.0,33.0,0.10576923076923077,0.3173076923076923
TCGA-A2-A0CL,TCGA-A2-A0CL-01,108.0,0:LIVING,Invasive Breast Carcinoma,Female,570.0,0.13570491228070175,210.0,56.0,0.3684210526315789,0.09824561403508772
TCGA-A2-A0CM,TCGA-A2-A0CM-01,43.0,1:DECEASED,Invasive Breast Carcinoma,Female,529.0,-0.13422155009451797,146.0,161.0,0.27599243856332706,0.30434782608695654
TCGA-A2-A0CO,TCGA-A2-A0CO-01,0.0,1:DECEASED,Invasive Breast Carcinoma,Female,146.0,-0.07753287671232877,11.0,26.0,0.07534246575342465,0.1780821917808219
TCGA-A2-A0CP,TCGA-A2-A0CP-01,27.0,0:LIVING,Invasive Breast Carcinoma,Female,120.0,-0.26989,16.0,42.0,0.13333333333333333,0.35
TCGA-A2-A0CQ,TCGA-A2-A0CQ-01,25.0,0:LIVING,Invasive Breast Carcinoma,Female,48.0,-0.15124791666666668,8.0,11.0,0.16666666666666666,0.22916666666666666
TCGA-A2-A0CR,TCGA-A2-A0CR-01,101.0,0:LIVING,Invasive Breast Carcinoma,Female,80.0,-0.25166,2.0,20.0,0.025,0.25
TCGA-A2-A0CS,TCGA-A2-A0CS-01,30.0,1:DECEASED,Invasive Breast Carcinoma,Female,170.0,-0.0603864705882353,33.0,32.0,0.19411764705882353,0.18823529411764706
TCGA-A2-A0CT,TCGA-A2-A0CT-01,77.0,0:LIVING,Invasive Breast Carcinoma,Female,209.0,-0.04094401913875598,108.0,68.0,0.5167464114832536,0.3253588516746411
TCGA-A2-A0CU,TCGA-A2-A0CU-01,27.0,1:DECEASED,Invasive Breast Carcinoma,Female,203.0,-0.17950443349753695,63.0,73.0,0.3103448275862069,0.35960591133004927
TCGA-A2-A0CV,TCGA-A2-A0CV-01,19.0,0:LIVING,Invasive Breast Carcinoma,Female,113.0,-0.24835575221238937,29.0,52.0,0.25663716814159293,0.46017699115044247
TCGA-A2-A0CW,TCGA-A2-A0CW-01,50.0,0:LIVING,Invasive Breast Carcinoma,Female,542.0,0.3280538745387454,281.0,118.0,0.518450184501845,0.2177121771217712
TCGA-A2-A0CX,TCGA-A2-A0CX-01,214.0,0:LIVING,Invasive Breast Carcinoma,Female,259.0,0.2789648648648649,122.0,63.0,0.47104247104247104,0.24324324324324326
TCGA-A2-A0CY,TCGA-A2-A0CY-01,0.0,0:LIVING,Invasive Breast Carcinoma,Female,270.0,-1.5180507407407406,34.0,91.0,0.1259259259259259,0.337037037037037
TCGA-A2-A0CZ,TCGA-A2-A0CZ-01,0.0,0:LIVING,Invasive Breast Carcinoma,Female,230.0,-0.0326795652173913,77.0,24.0,0.3347826086956522,0.10434782608695652
TCGA-A2-A0D0,TCGA-A2-A0D0-01,63.0,0:LIVING,Invasive Breast Carcinoma,Female,840.0,0.02905797619047619,364.0,290.0,0.43333333333333335,0.34523809523809523
TCGA-A2-A0D1,TCGA-A2-A0D1-01,39.0,0:LIVING,Invasive Breast Carcinoma,Female,368.0,0.13457717391304347,124.0,120.0,0.33695652173913043,0.32608695652173914
TCGA-A2-A0D2,TCGA-A2-A0D2-01,72.0,0:LIVING,Invasive Breast Carcinoma,Female,655.0,0.09922320610687024,290.0,129.0,0.44274809160305345,0.1969465648854962
TCGA-A2-A0D3,TCGA-A2-A0D3-01,21.0,0:LIVING,Invasive Breast Carcinoma,Female,77.0,-0.31774805194805195,9.0,23.0,0.11688311688311688,0.2987012987012987
TCGA-A2-A0D4,TCGA-A2-A0D4-01,29.0,0:LIVING,Invasive Breast Carcinoma,Female,511.0,-0.21457221135029353,151.0,179.0,0.29549902152641877,0.350293542074364
TCGA-A2-A0EM,TCGA-A2-A0EM-01,26.0,0:LIVING,Invasive Breast Carcinoma,Female,58.0,-0.4419637931034483,4.0,19.0,0.06896551724137931,0.3275862068965517
TCGA-A2-A0EN,TCGA-A2-A0EN-01,27.0,0:LIVING,Invasive Breast Carcinoma,Female,125.0,-0.2109648,12.0,36.0,0.096,0.288
TCGA-A2-A0EO,TCGA-A2-A0EO-01,24.0,0:LIVING,Invasive Breast Carcinoma,Female,105.0,-0.22086857142857141,25.0,31.0,0.23809523809523808,0.29523809523809524
TCGA-A2-A0EP,TCGA-A2-A0EP-01,7.0,0:LIVING,Invasive Breast Carcinoma,Female,53.0,-0.14629245283018869,3.0,7.0,0.05660377358490566,0.1320754716981132
TCGA-A2-A0EQ,TCGA-A2-A0EQ-01,166.0,0:LIVING,Invasive Breast Carcinoma,Female,328.0,0.13807134146341463,145.0,59.0,0.4420731707317073,0.1798780487804878
TCGA-A2-A0ER,TCGA-A2-A0ER-01,18.0,0:LIVING,Invasive Breast Carcinoma,Female,181.0,0.1168668508287293,45.0,41.0,0.24861878453038674,0.2265193370165746
TCGA-A2-A0ES,TCGA-A2-A0ES-01,9.0,0:LIVING,Invasive Breast Carcinoma,Female,128.0,-0.18846953125,32.0,19.0,0.25,0.1484375
TCGA-A2-A0ET,TCGA-A2-A0ET-01,36.0,0:LIVING,Invasive Breast Carcinoma,Female,201.0,-0.14620945273631838,68.0,64.0,0.3383084577114428,0.31840796019900497
TCGA-A2-A0EU,TCGA-A2-A0EU-01,39.0,0:LIVING,Invasive Breast Carcinoma,Female,238.0,-0.07800420168067228,75.0,71.0,0.31512605042016806,0.29831932773109243
TCGA-A2-A0EV,TCGA-A2-A0EV-01,52.0,0:LIVING,Invasive Breast Carcinoma,Female,373.0,-0.022382305630026807,79.0,64.0,0.21179624664879357,0.17158176943699732
TCGA-A2-A0EW,TCGA-A2-A0EW-01,15.0,1:DECEASED,Invasive Breast Carcinoma,Female,121.0,0.007908264462809914,29.0,31.0,0.2396694214876033,0.256198347107438
TCGA-A2-A0EX,TCGA-A2-A0EX-01,22.0,0:LIVING,Invasive Breast Carcinoma,Female,258.0,0.2230124031007752,102.0,43.0,0.3953488372093023,0.16666666666666666
TCGA-A2-A0EY,TCGA-A2-A0EY-01,155.0,0:LIVING,Invasive Breast Carcinoma,Female,508.0,0.10719153543307086,226.0,125.0,0.4448818897637795,0.24606299212598426
TCGA-A2-A0ST,TCGA-A2-A0ST-01,9.0,0:LIVING,Invasive Breast Carcinoma,Female,228.0,-0.03316359649122807,38.0,28.0,0.16666666666666666,0.12280701754385964
TCGA-A2-A0SU,TCGA-A2-A0SU-01,25.0,0:LIVING,Invasive Breast Carcinoma,Female,94.0,0.16350531914893618,26.0,25.0,0.2765957446808511,0.26595744680851063
TCGA-A2-A0SV,TCGA-A2-A0SV-01,26.0,1:DECEASED,Invasive Breast Carcinoma,Female,221.0,-0.10721990950226246,57.0,79.0,0.2579185520361991,0.3574660633484163
TCGA-A2-A0SW,TCGA-A2-A0SW-01,45.0,1:DECEASED,Invasive Breast Carcinoma,Female,229.0,-0.21028995633187775,78.0,75.0,0.3406113537117904,0.32751091703056767
TCGA-A2-A0SX,TCGA-A2-A0SX-01,23.0,0:LIVING,Invasive Breast Carcinoma,Female,322.0,-0.03682701863354037,88.0,97.0,0.2732919254658385,0.30124223602484473
TCGA-A2-A0SY,TCGA-A2-A0SY-01,103.0,0:LIVING,Invasive Breast Carcinoma,Female,177.0,-0.0923819209039548,39.0,46.0,0.22033898305084745,0.2598870056497175
TCGA-A2-A0T0,TCGA-A2-A0T0-01,148.0,0:LIVING,Invasive Breast Carcinoma,Female,340.0,-0.1274114705882353,84.0,114.0,0.24705882352941178,0.3352941176470588
TCGA-A2-A0T1,TCGA-A2-A0T1-01,22.0,0:LIVING,Invasive Breast Carcinoma,Female,579.0,0.2889162348877375,259.0,47.0,0.4473229706390328,0.08117443868739206
TCGA-A2-A0T2,TCGA-A2-A0T2-01,23.0,1:DECEASED,Invasive Breast Carcinoma,Female,231.0,-0.32622683982683987,89.0,136.0,0.3852813852813853,0.5887445887445888
TCGA-A2-A0T3,TCGA-A2-A0T3-01,26.0,0:LIVING,Invasive Breast Carcinoma,Female,536.0,0.16192313432835823,255.0,104.0,0.47574626865671643,0.19402985074626866
TCGA-A2-A0T4,TCGA-A2-A0T4-01,27.0,0:LIVING,Invasive Breast Carcinoma,Female,149.0,0.2722872483221476,63.0,29.0,0.4228187919463087,0.19463087248322147
TCGA-A2-A0T5,TCGA-A2-A0T5-01,15.0,0:LIVING,Invasive Breast Carcinoma,Female,78.0,-0.4714128205128206,8.0,26.0,0.10256410256410256,0.3333333333333333
TCGA-A2-A0T6,TCGA-A2-A0T6-01,15.0,0:LIVING,Invasive Breast Carcinoma,Female,68.0,-0.17929411764705883,10.0,19.0,0.14705882352941177,0.27941176470588236
TCGA-A2-A0T7,TCGA-A2-A0T7-01,17.0,0:LIVING,Invasive Breast Carcinoma,Female,292.0,0.016273972602739724,82.0,58.0,0.2808219178082192,0.19863013698630136
TCGA-A2-A0YC,TCGA-A2-A0YC-01,20.0,0:LIVING,Invasive Breast Carcinoma,Female,134.0,-0.46173134328358206,28.0,43.0,0.208955223880597,0.3208955223880597
TCGA-A2-A0YD,TCGA-A2-A0YD-01,43.0,0:LIVING,Invasive Breast Carcinoma,Female,60.0,-0.14836333333333332,7.0,13.0,0.11666666666666667,0.21666666666666667
TCGA-A2-A0YE,TCGA-A2-A0YE-01,22.0,0:LIVING,Invasive Breast Carcinoma,Female,396.0,0.13975732323232323,202.0,102.0,0.51010101010101,0.25757575757575757
TCGA-A2-A0YF,TCGA-A2-A0YF-01,17.0,0:LIVING,Invasive Breast Carcinoma,Female,208.0,-0.029733173076923077,39.0,42.0,0.1875,0.20192307692307693
TCGA-A2-A0YG,TCGA-A2-A0YG-01,43.0,0:LIVING,Invasive Breast Carcinoma,Female,542.0,0.13113874538745388,170.0,58.0,0.31365313653136534,0.1070110701107011
TCGA-A2-A0YH,TCGA-A2-A0YH-01,65.0,0:LIVING,Invasive Breast Carcinoma,Female,208.0,0.0757966346153846,67.0,42.0,0.32211538461538464,0.20192307692307693
TCGA-A2-A0YI,TCGA-A2-A0YI-01,11.0,0:LIVING,Invasive Breast Carcinoma,Female,129.0,0.05629224806201551,55.0,23.0,0.4263565891472868,0.17829457364341086
TCGA-A2-A0YJ,TCGA-A2-A0YJ-01,65.0,0:LIVING,Invasive Breast Carcinoma,Female,368.0,0.28057173913043476,196.0,81.0,0.532608695652174,0.22010869565217392
TCGA-A2-A0YK,TCGA-A2-A0YK-01,268.0,0:LIVING,Invasive Breast Carcinoma,Female,82.0,0.04262073170731708,24.0,18.0,0.2926829268292683,0.21951219512195122
TCGA-A2-A0YL,TCGA-A2-A0YL-01,22.0,0:LIVING,Invasive Breast Carcinoma,Female,92.0,-0.13593478260869565,18.0,27.0,0.1956521739130435,0.29347826086956524
TCGA-A2-A0YM,TCGA-A2-A0YM-01,58.0,0:LIVING,Invasive Breast Carcinoma,Female,569.0,0.15937381370826012,225.0,117.0,0.3954305799648506,0.2056239015817223
TCGA-A2-A0YT,TCGA-A2-A0YT-01,47.0,1:DECEASED,Invasive Breast Carcinoma,Female,386.0,0.19503834196891193,200.0,82.0,0.5181347150259067,0.21243523316062177
TCGA-A2-A1FV,TCGA-A2-A1FV-01,30.0,0:LIVING,Invasive Breast Carcinoma,Female,261.0,-0.25071800766283525,87.0,85.0,0.3333333333333333,0.32567049808429116
TCGA-A2-A1FW,TCGA-A2-A1FW-01,51.0,0:LIVING,Invasive Breast Carcinoma,Female,739.0,0.26626982408660355,363.0,166.0,0.4912043301759134,0.22462787550744248
TCGA-A2-A1FX,TCGA-A2-A1FX-01,22.0,0:LIVING,Invasive Breast Carcinoma,Female,206.0,-0.12028349514563108,73.0,64.0,0.35436893203883496,0.3106796116504854
TCGA-A2-A1FZ,TCGA-A2-A1FZ-01,21.0,0:LIVING,Invasive Breast Carcinoma,Female,89.0,-0.09711573033707865,26.0,19.0,0.29213483146067415,0.21348314606741572
TCGA-A2-A1G0,TCGA-A2-A1G0-01,18.0,0:LIVING,Invasive Breast Carcinoma,Female,129.0,-0.15993488372093023,38.0,33.0,0.29457364341085274,0.2558139534883721
TCGA-A2-A1G1,TCGA-A2-A1G1-01,25.0,0:LIVING,Invasive Breast Carcinoma,Female,249.0,0.20641164658634537,94.0,29.0,0.37751004016064255,0.11646586345381527
TCGA-A2-A1G4,TCGA-A2-A1G4-01,22.0,0:LIVING,Invasive Breast Carcinoma,Female,174.0,0.1363574712643678,62.0,32.0,0.3563218390804598,0.1839080459770115
TCGA-A2-A1G6,TCGA-A2-A1G6-01,7.0,0:LIVING,Invasive Breast Carcinoma,Female,42.0,-0.41495952380952383,0.0,9.0,0.0,0.21428571428571427
TCGA-A2-A259,TCGA-A2-A259-01,21.0,0:LIVING,Invasive Breast Carcinoma,Female,97.0,-0.1909577319587629,19.0,26.0,0.1958762886597938,0.26804123711340205
TCGA-A2-A25A,TCGA-A2-A25A-01,215.0,0:LIVING,Invasive Breast Carcinoma,Female,124.0,-0.17553870967741936,10.0,29.0,0.08064516129032258,0.23387096774193547
TCGA-A2-A25B,TCGA-A2-A25B-01,77.0,0:LIVING,Invasive Breast Carcinoma,Female,769.0,0.11883042912873862,300.0,131.0,0.39011703511053314,0.17035110533159947
TCGA-A2-A25C,TCGA-A2-A25C-01,25.0,0:LIVING,Invasive Breast Carcinoma,Female,304.0,-0.08181315789473685,61.0,101.0,0.20065789473684212,0.33223684210526316
TCGA-A2-A25D,TCGA-A2-A25D-01,40.0,0:LIVING,Invasive Breast Carcinoma,Female,242.0,-0.028500826446280988,81.0,58.0,0.3347107438016529,0.2396694214876033
TCGA-A2-A25E,TCGA-A2-A25E-01,51.0,0:LIVING,Invasive Breast Carcinoma,Female,203.0,-0.1700743842364532,54.0,72.0,0.2660098522167488,0.35467980295566504
TCGA-A2-A25F,TCGA-A2-A25F-01,1.0,0:LIVING,Invasive Breast Carcinoma,Female,142.0,-0.09423028169014085,11.0,16.0,0.07746478873239436,0.11267605633802817
TCGA-A2-A3KC,TCGA-A2-A3KC-01,0.0,0:LIVING,Invasive Breast Carcinoma,Female,97.0,0.20035257731958764,40.0,20.0,0.41237113402061853,0.20618556701030927
TCGA-A2-A3KD,TCGA-A2-A3KD-01,7.0,0:LIVING,Invasive Breast Carcinoma,Female,102.0,-0.21834411764705883,20.0,29.0,0.19607843137254902,0.28431372549019607
TCGA-A2-A3XS,TCGA-A2-A3XS-01,0.0,1:DECEASED,Invasive Breast Carcinoma,Female,327.0,-0.022508562691131495,109.0,106.0,0.3333333333333333,0.3241590214067278
TCGA-A2-A3XT,TCGA-A2-A3XT-01,0.0,0:LIVING,Invasive Breast Carcinoma,Female,281.0,-0.11138896797153025,80.0,80.0,0.2846975088967972,0.2846975088967972
TCGA-A2-A3XU,TCGA-A2-A3XU-01,17.0,1:DECEASED,Invasive Breast Carcinoma,Female,418.0,-0.2555767942583732,64.0,113.0,0.15311004784688995,0.2703349282296651
TCGA-A2-A3XV,TCGA-A2-A3XV-01,0.0,0:LIVING,Invasive Breast Carcinoma,Female,164.0,-0.28086707317073173,25.0,43.0,0.1524390243902439,0.2621951219512195
TCGA-A2-A3XW,TCGA-A2-A3XW-01,3.0,0:LIVING,Invasive Breast Carcinoma,Female,216.0,-0.07357453703703704,23.0,22.0,0.10648148148148148,0.10185185185185185
TCGA-A2-A3XX,TCGA-A2-A3XX-01,0.0,1:DECEASED,Invasive Breast Carcinoma,Female,262.0,0.08132328244274808,107.0,79.0,0.4083969465648855,0.3015267175572519
TCGA-A2-A3XY,TCGA-A2-A3XY-01,0.0,1:DECEASED,Invasive Breast Carcinoma,Female,270.0,0.1273388888888889,102.0,55.0,0.37777777777777777,0.2037037037037037
TCGA-A2-A3XZ,TCGA-A2-A3XZ-01,0.0,0:LIVING,Invasive Breast Carcinoma,Female,216.0,-0.050518981481481484,41.0,77.0,0.18981481481481483,0.35648148148148145
TCGA-A2-A3Y0,TCGA-A2-A3Y0-01,137.0,0:LIVING,Invasive Breast Carcinoma,Female,384.0,-0.18321927083333334,71.0,155.0,0.18489583333333334,0.4036458333333333
TCGA-A2-A4RW,TCGA-A2-A4RW-01,89.0,0:LIVING,Invasive Breast Carcinoma,Female,252.0,-0.08975357142857142,76.0,90.0,0.30158730158730157,0.35714285714285715
TCGA-A2-A4RX,TCGA-A2-A4RX-01,0.0,0:LIVING,Invasive Breast Carcinoma,Female,122.0,-0.39774508196721314,24.0,49.0,0.19672131147540983,0.4016393442622951
TCGA-A2-A4RY,TCGA-A2-A4RY-01,0.0,0:LIVING,Invasive Breast Carcinoma,Female,62.0,-0.1926983870967742,7.0,8.0,0.11290322580645161,0.12903225806451613
TCGA-A2-A4S0,TCGA-A2-A4S0-01,0.0,0:LIVING,Invasive Breast Carcinoma,Female,53.0,-0.4289981132075472,1.0,14.0,0.018867924528301886,0.2641509433962264
TCGA-A2-A4S1,TCGA-A2-A4S1-01,59.0,0:LIVING,Invasive Breast Carcinoma,Female,316.0,-0.08092405063291139,71.0,111.0,0.22468354430379747,0.3512658227848101
TCGA-A2-A4S2,TCGA-A2-A4S2-01,27.0,0:LIVING,Invasive Breast Carcinoma,Female,126.0,-0.6295253968253969,16.0,48.0,0.12698412698412698,0.38095238095238093
TCGA-A2-A4S3,TCGA-A2-A4S3-01,44.0,0:LIVING,Invasive Breast Carcinoma,Female,334.0,0.09084640718562874,117.0,100.0,0.3502994011976048,0.2994011976047904
TCGA-A7-A0CD,TCGA-A7-A0CD-01,18.0,0:LIVING,Invasive Breast Carcinoma,Female,291.0,-0.10149003436426117,125.0,59.0,0.42955326460481097,0.2027491408934708
TCGA-A7-A0CE,TCGA-A7-A0CE-01,76.0,0:LIVING,Invasive Breast Carcinoma,Female,403.0,-0.16732208436724566,95.0,159.0,0.23573200992555832,0.3945409429280397
TCGA-A7-A0CG,TCGA-A7-A0CG-01,36.0,0:LIVING,Invasive Breast Carcinoma,Female,325.0,-0.09840923076923078,40.0,66.0,0.12307692307692308,0.20307692307692307
TCGA-A7-A0CH,TCGA-A7-A0CH-01,21.0,0:LIVING,Invasive Breast Carcinoma,Female,101.0,-0.24132970297029704,10.0,24.0,0.09900990099009901,0.2376237623762376
TCGA-A7-A0CJ,TCGA-A7-A0CJ-01,43.0,0:LIVING,Invasive Breast Carcinoma,Female,578.0,-0.0998849480968858,239.0,183.0,0.4134948096885813,0.3166089965397924
TCGA-A7-A0D9,TCGA-A7-A0D9-01,16.0,0:LIVING,Invasive Breast Carcinoma,Female,286.0,0.5216433566433566,150.0,62.0,0.5244755244755245,0.21678321678321677
TCGA-A7-A0DA,TCGA-A7-A0DA-01,135.0,0:LIVING,Invasive Breast Carcinoma,Female,521.0,0.06243666026871401,241.0,164.0,0.46257197696737046,0.31477927063339733
TCGA-A7-A0DB,TCGA-A7-A0DB-01,34.0,0:LIVING,Invasive Breast Carcinoma,Female,86.0,-0.46769767441860466,27.0,26.0,0.313953488372093,0.3023255813953488
TCGA-A7-A0DC,TCGA-A7-A0DC-01,0.0,0:LIVING,Invasive Breast Carcinoma,Female,204.0,0.11434509803921568,83.0,48.0,0.4068627450980392,0.23529411764705882
TCGA-A7-A13D,TCGA-A7-A13D-01,91.0,0:LIVING,Invasive Breast Carcinoma,Female,898.0,0.06563819599109132,428.0,257.0,0.4766146993318486,0.28619153674832964
TCGA-A7-A13E,TCGA-A7-A13E-01,47.0,1:DECEASED,Invasive Breast Carcinoma,Female,386.0,0.15809792746113988,208.0,94.0,0.538860103626943,0.24352331606217617
TCGA-A7-A13F,TCGA-A7-A13F-01,33.0,0:LIVING,Invasive Breast Carcinoma,Female,574.0,0.04570017421602788,170.0,109.0,0.2961672473867596,0.18989547038327526
TCGA-A7-A13G,TCGA-A7-A13G-01,18.0,0:LIVING,Invasive Breast Carcinoma,Female,126.0,-0.37787777777777776,37.0,46.0,0.29365079365079366,0.36507936507936506
TCGA-A7-A13H,TCGA-A7-A13H-01,0.0,0:LIVING,Invasive Breast Carcinoma,Female,140.0,-0.207235,16.0,48.0,0.11428571428571428,0.34285714285714286
TCGA-A7-A26E,TCGA-A7-A26E-01,33.0,0:LIVING,Invasive Breast Carcinoma,Female,115.0,-0.1643991304347826,8.0,19.0,0.06956521739130435,0.16521739130434782
TCGA-A7-A26F,TCGA-A7-A26F-01,35.0,0:LIVING,Invasive Breast Carcinoma,Female,199.0,-0.06414472361809045,48.0,45.0,0.24120603015075376,0.22613065326633167
TCGA-A7-A26G,TCGA-A7-A26G-01,38.0,0:LIVING,Invasive Breast Carcinoma,Female,563.0,0.07105772646536412,204.0,77.0,0.3623445825932504,0.13676731793960922
TCGA-A7-A26H,TCGA-A7-A26H-01,92.0,0:LIVING,Invasive Breast Carcinoma,Female,119.0,0.116,54.0,20.0,0.453781512605042,0.16806722689075632
TCGA-A7-A26I,TCGA-A7-A26I-01,34.0,0:LIVING,Invasive Breast Carcinoma,Female,346.0,0.07249364161849711,147.0,121.0,0.42485549132947975,0.34971098265895956
TCGA-A7-A26J,TCGA-A7-A26J-01,18.0,0:LIVING,Invasive Breast Carcinoma,Female,116.0,-0.15134396551724139,48.0,40.0,0.41379310344827586,0.3448275862068966
TCGA-A7-A2KD,TCGA-A7-A2KD-01,0.0,0:LIVING,Invasive Breast Carcinoma,Female,479.0,0.1454179540709812,222.0,114.0,0.46346555323590816,0.23799582463465555
TCGA-A7-A3IY,TCGA-A7-A3IY-01,0.0,0:LIVING,Invasive Breast Carcinoma,Female,91.0,0.2223164835164835,20.0,12.0,0.21978021978021978,0.13186813186813187
TCGA-A7-A3IZ,TCGA-A7-A3IZ-01,0.0,0:LIVING,Invasive Breast Carcinoma,Female,263.0,0.07577072243346007,50.0,50.0,0.19011406844106463,0.19011406844106463
TCGA-A7-A3J0,TCGA-A7-A3J0-01,0.0,0:LIVING,Invasive Breast Carcinoma,Female,112.0,-0.10014642857142857,31.0,12.0,0.2767857142857143,0.10714285714285714
TCGA-A7-A3J1,TCGA-A7-A3J1-01,0.0,0:LIVING,Invasive Breast Carcinoma,Female,74.0,-0.21715540540540543,3.0,27.0,0.04054054054054054,0.36486486486486486
TCGA-A7-A3RF,TCGA-A7-A3RF-01,0.0,0:LIVING,Invasive Breast Carcinoma,Female,59.0,-0.21826440677966102,2.0,15.0,0.03389830508474576,0.2542372881355932
TCGA-A7-A425,TCGA-A7-A425-01,0.0,0:LIVING,Invasive Breast Carcinoma,Female,118.0,-0.09458813559322034,38.0,28.0,0.3220338983050847,0.23728813559322035
TCGA-A7-A426,TCGA-A7-A426-01,0.0,0:LIVING,Invasive Breast Carcinoma,Female,75.0,-0.082088,16.0,13.0,0.21333333333333335,0.17333333333333334
TCGA-A7-A4SA,TCGA-A7-A4SA-01,0.0,0:LIVING,Invasive Breast Carcinoma,Female,196.0,-0.13298367346938775,59.0,63.0,0.3010204081632653,0.32142857142857145
TCGA-A7-A4SB,TCGA-A7-A4SB-01,0.0,0:LIVING,Invasive Breast Carcinoma,Female,259.0,0.15387104247104247,108.0,61.0,0.416988416988417,0.23552123552123552
TCGA-A7-A4SC,TCGA-A7-A4SC-01,24.0,0:LIVING,Invasive Breast Carcinoma,Female,100.0,-0.24096800000000002,15.0,33.0,0.15,0.33
TCGA-A7-A4SD,TCGA-A7-A4SD-01,0.0,0:LIVING,Invasive Breast Carcinoma,Female,524.0,-0.08931297709923663,178.0,147.0,0.33969465648854963,0.28053435114503816
TCGA-A7-A4SE,TCGA-A7-A4SE-01,77.0,0:LIVING,Invasive Breast Carcinoma,Female,417.0,0.0005004796163069535,215.0,138.0,0.5155875299760192,0.33093525179856115
TCGA-A7-A4SF,TCGA-A7-A4SF-01,58.0,0:LIVING,Invasive Breast Carcinoma,Female,355.0,-0.13635267605633802,143.0,115.0,0.4028169014084507,0.323943661971831
TCGA-A7-A56D,TCGA-A7-A56D-01,95.0,0:LIVING,Invasive Breast Carcinoma,Female,470.0,0.13117638297872342,191.0,138.0,0.40638297872340423,0.2936170212765957
TCGA-A7-A5ZV,TCGA-A7-A5ZV-01,149.0,0:LIVING,Invasive Breast Carcinoma,Female,741.0,-0.12652483130904182,370.0,225.0,0.4993252361673414,0.30364372469635625
TCGA-A7-A5ZW,TCGA-A7-A5ZW-01,18.0,0:LIVING,Invasive Breast Carcinoma,Female,65.0,-0.4716676923076923,3.0,19.0,0.046153846153846156,0.2923076923076923
TCGA-A7-A5ZX,TCGA-A7-A5ZX-01,25.0,0:LIVING,Invasive Breast Carcinoma,Female,90.0,-0.37106999999999996,4.0,32.0,0.044444444444444446,0.35555555555555557
TCGA-A7-A6VV,TCGA-A7-A6VV-01,37.0,0:LIVING,Invasive Breast Carcinoma,Female,658.0,-0.1964253799392097,204.0,297.0,0.3100303951367781,0.4513677811550152
TCGA-A7-A6VW,TCGA-A7-A6VW-01,53.0,0:LIVING,Invasive Breast Carcinoma,Female,703.0,-0.0544371266002845,210.0,252.0,0.29871977240398295,0.3584637268847795
TCGA-A7-A6VX,TCGA-A7-A6VX-01,107.0,0:LIVING,Invasive Breast Carcinoma,Female,551.0,-0.04656896551724138,201.0,195.0,0.3647912885662432,0.35390199637023595
TCGA-A7-A6VY,TCGA-A7-A6VY-01,83.0,0:LIVING,Invasive Breast Carcinoma,Female,444.0,-0.018832882882882884,130.0,144.0,0.2927927927927928,0.32432432432432434
TCGA-A8-A06N,TCGA-A8-A06N-01,0.0,0:LIVING,Invasive Breast Carcinoma,Female,200.0,-0.2525275,67.0,66.0,0.335,0.33
TCGA-A8-A06O,TCGA-A8-A06O-01,58.0,0:LIVING,Invasive Breast Carcinoma,Female,229.0,0.02781703056768559,79.0,75.0,0.34497816593886466,0.32751091703056767
TCGA-A8-A06P,TCGA-A8-A06P-01,29.0,0:LIVING,Invasive Breast Carcinoma,Female,172.0,-0.14704709302325583,5.0,32.0,0.029069767441860465,0.18604651162790697
TCGA-A8-A06Q,TCGA-A8-A06Q-01,176.0,0:LIVING,Invasive Breast Carcinoma,Female,914.0,0.2008922319474836,496.0,194.0,0.5426695842450766,0.212253829321663
TCGA-A8-A06R,TCGA-A8-A06R-01,48.0,0:LIVING,Invasive Breast Carcinoma,Female,1615.0,0.25137609907120745,831.0,329.0,0.5145510835913313,0.20371517027863778
TCGA-A8-A06T,TCGA-A8-A06T-01,27.0,0:LIVING,Invasive Breast Carcinoma,Female,171.0,-0.3964631578947368,69.0,70.0,0.40350877192982454,0.4093567251461988
TCGA-A8-A06U,TCGA-A8-A06U-01,48.0,1:DECEASED,Invasive Breast Carcinoma,Female,1378.0,0.0769878084179971,576.0,343.0,0.41799709724238027,0.24891146589259797
TCGA-A8-A06X,TCGA-A8-A06X-01,167.0,1:DECEASED,Invasive Breast Carcinoma,Female,511.0,0.010611350293542073,223.0,163.0,0.436399217221135,0.31898238747553814
TCGA-A8-A06Y,TCGA-A8-A06Y-01,26.0,0:LIVING,Invasive Breast Carcinoma,Female,99.0,-0.34331414141414146,15.0,34.0,0.15151515151515152,0.3434343434343434
TCGA-A8-A06Z,TCGA-A8-A06Z-01,58.0,0:LIVING,Invasive Breast Carcinoma,Female,402.0,-0.09983407960199005,174.0,158.0,0.43283582089552236,0.39303482587064675
TCGA-A8-A075,TCGA-A8-A075-01,68.0,0:LIVING,Invasive Breast Carcinoma,Female,361.0,0.03723130193905817,151.0,98.0,0.4182825484764543,0.27146814404432135
TCGA-A8-A076,TCGA-A8-A076-01,62.0,0:LIVING,Invasive Breast Carcinoma,Female,248.0,0.12554717741935484,109.0,73.0,0.43951612903225806,0.29435483870967744
TCGA-A8-A079,TCGA-A8-A079-01,62.0,0:LIVING,Invasive Breast Carcinoma,Female,434.0,0.05101635944700461,187.0,129.0,0.4308755760368664,0.29723502304147464
TCGA-A8-A07B,TCGA-A8-A07B-01,54.0,0:LIVING,Invasive Breast Carcinoma,Female,373.0,0.21258310991957102,151.0,101.0,0.40482573726541554,0.2707774798927614
TCGA-A8-A07C,TCGA-A8-A07C-01,0.0,0:LIVING,Invasive Breast Carcinoma,Female,508.0,-0.15468582677165357,171.0,154.0,0.33661417322834647,0.3031496062992126
TCGA-A8-A07E,TCGA-A8-A07E-01,0.0,0:LIVING,Invasive Breast Carcinoma,Female,176.0,0.06434545454545454,55.0,46.0,0.3125,0.26136363636363635
TCGA-A8-A07F,TCGA-A8-A07F-01,23.0,0:LIVING,Invasive Breast Carcinoma,Female,69.0,-0.5235985507246377,13.0,34.0,0.18840579710144928,0.4927536231884058
TCGA-A8-A07G,TCGA-A8-A07G-01,44.0,0:LIVING,Invasive Breast Carcinoma,Female,354.0,0.11758502824858756,119.0,43.0,0.3361581920903955,0.12146892655367232
TCGA-A8-A07I,TCGA-A8-A07I-01,31.0,0:LIVING,Invasive Breast Carcinoma,Female,417.0,0.322531654676259,201.0,101.0,0.48201438848920863,0.2422062350119904
TCGA-A8-A07J,TCGA-A8-A07J-01,25.0,0:LIVING,Invasive Breast Carcinoma,Female,136.0,-0.04540294117647058,38.0,36.0,0.27941176470588236,0.2647058823529412
TCGA-A8-A07L,TCGA-A8-A07L-01,77.0,0:LIVING,Invasive Breast Carcinoma,Female,633.0,0.09230726698262244,211.0,153.0,0.3333333333333333,0.24170616113744076
TCGA-A8-A07O,TCGA-A8-A07O-01,32.0,0:LIVING,Invasive Breast Carcinoma,Female,519.0,0.1386974951830443,196.0,81.0,0.37764932562620424,0.15606936416184972
TCGA-A8-A07P,TCGA-A8-A07P-01,39.0,0:LIVING,Invasive Breast Carcinoma,Female,233.0,0.05792017167381974,81.0,44.0,0.34763948497854075,0.1888412017167382
TCGA-A8-A07R,TCGA-A8-A07R-01,177.0,0:LIVING,Invasive Breast Carcinoma,Female,560.0,0.04511160714285714,238.0,151.0,0.425,0.26964285714285713
TCGA-A8-A07S,TCGA-A8-A07S-01,0.0,0:LIVING,Invasive Breast Carcinoma,Female,233.0,-0.14948283261802575,20.0,51.0,0.08583690987124463,0.21888412017167383
TCGA-A8-A07U,TCGA-A8-A07U-01,43.0,0:LIVING,Invasive Breast Carcinoma,Female,245.0,-0.09887673469387756,61.0,50.0,0.24897959183673468,0.20408163265306123
TCGA-A8-A07W,TCGA-A8-A07W-01,106.0,0:LIVING,Invasive Breast Carcinoma,Female,465.0,0.14863548387096773,199.0,111.0,0.42795698924731185,0.23870967741935484
TCGA-A8-A07Z,TCGA-A8-A07Z-01,15.0,0:LIVING,Invasive Breast Carcinoma,Female,191.0,-0.29721675392670155,67.0,74.0,0.3507853403141361,0.387434554973822
TCGA-A8-A081,TCGA-A8-A081-01,92.0,0:LIVING,Invasive Breast Carcinoma,Female,570.0,0.05576543859649123,210.0,196.0,0.3684210526315789,0.34385964912280703
TCGA-A8-A082,TCGA-A8-A082-01,18.0,0:LIVING,Invasive Breast Carcinoma,Female,125.0,0.11998879999999999,27.0,33.0,0.216,0.264
TCGA-A8-A083,TCGA-A8-A083-01,30.0,0:LIVING,Invasive Breast Carcinoma,Female,65.0,-0.5001923076923077,11.0,24.0,0.16923076923076924,0.36923076923076925
TCGA-A8-A084,TCGA-A8-A084-01,0.0,0:LIVING,Invasive Breast Carcinoma,Female,235.0,-0.0574931914893617,55.0,76.0,0.23404255319148937,0.32340425531914896
TCGA-A8-A085,TCGA-A8-A085-01,60.0,0:LIVING,Invasive Breast Carcinoma,Male,294.0,-0.14539081632653061,63.0,79.0,0.21428571428571427,0.2687074829931973
TCGA-A8-A086,TCGA-A8-A086-01,0.0,0:LIVING,Invasive Breast Carcinoma,Female,149.0,0.33951744966442954,79.0,28.0,0.5302013422818792,0.18791946308724833
TCGA-A8-A08A,TCGA-A8-A08A-01,0.0,0:LIVING,Invasive Breast Carcinoma,Female,81.0,-0.3177987654320988,9.0,22.0,0.1111111111111111,0.2716049382716049
TCGA-A8-A08B,TCGA-A8-A08B-01,29.0,0:LIVING,Invasive Breast Carcinoma,Female,515.0,0.3518634951456311,283.0,76.0,0.5495145631067961,0.14757281553398058
TCGA-A8-A08C,TCGA-A8-A08C-01,22.0,0:LIVING,Invasive Breast Carcinoma,Female,140.0,-0.49948,52.0,46.0,0.37142857142857144,0.32857142857142857
TCGA-A8-A08F,TCGA-A8-A08F-01,107.0,0:LIVING,Invasive Breast Carcinoma,Female,732.0,0.11765150273224044,332.0,217.0,0.453551912568306,0.296448087431694
TCGA-A8-A08G,TCGA-A8-A08G-01,35.0,0:LIVING,Invasive Breast Carcinoma,Female,548.0,0.12229689781021896,263.0,138.0,0.47992700729927007,0.2518248175182482
TCGA-A8-A08H,TCGA-A8-A08H-01,55.0,0:LIVING,Invasive Breast Carcinoma,Female,100.0,-0.333164,3.0,20.0,0.03,0.2
TCGA-A8-A08I,TCGA-A8-A08I-01,0.0,0:LIVING,Invasive Breast Carcinoma,Female,619.0,0.0997253634894992,251.0,198.0,0.40549273021001614,0.3198707592891761
TCGA-A8-A08J,TCGA-A8-A08J-01,30.0,1:DECEASED,Invasive Breast Carcinoma,Female,629.0,0.3651931637519873,333.0,152.0,0.5294117647058824,0.24165341812400637
TCGA-A8-A08L,TCGA-A8-A08L-01,176.0,1:DECEASED,Invasive Breast Carcinoma,Female,298.0,-0.13206442953020137,91.0,116.0,0.3053691275167785,0.38926174496644295
TCGA-A8-A08O,TCGA-A8-A08O-01,21.0,0:LIVING,Invasive Breast Carcinoma,Female,474.0,-0.04640527426160338,174.0,146.0,0.3670886075949367,0.3080168776371308
TCGA-A8-A08P,TCGA-A8-A08P-01,51.0,0:LIVING,Invasive Breast Carcinoma,Female,911.0,0.23119912184412733,438.0,155.0,0.4807903402854007,0.17014270032930845
TCGA-A8-A08R,TCGA-A8-A08R-01,188.0,0:LIVING,Invasive Breast Carcinoma,Female,637.0,0.026552747252747255,232.0,165.0,0.3642072213500785,0.25902668759811615
TCGA-A8-A08S,TCGA-A8-A08S-01,37.0,0:LIVING,Invasive Breast Carcinoma,Female,288.0,-0.08380625,87.0,73.0,0.3020833333333333,0.2534722222222222
TCGA-A8-A08T,TCGA-A8-A08T-01,37.0,1:DECEASED,Invasive Breast Carcinoma,Female,374.0,0.0060048128342246,110.0,68.0,0.29411764705882354,0.18181818181818182
TCGA-A8-A08X,TCGA-A8-A08X-01,21.0,0:LIVING,Invasive Breast Carcinoma,Female,488.0,0.21194016393442622,233.0,63.0,0.4774590163934426,0.1290983606557377
TCGA-A8-A08Z,TCGA-A8-A08Z-01,26.0,0:LIVING,Invasive Breast Carcinoma,Female,88.0,-0.2475465909090909,9.0,28.0,0.10227272727272728,0.3181818181818182
TCGA-A8-A090,TCGA-A8-A090-01,25.0,0:LIVING,Invasive Breast Carcinoma,Female,288.0,0.016979166666666667,105.0,58.0,0.3645833333333333,0.2013888888888889
TCGA-A8-A091,TCGA-A8-A091-01,15.0,0:LIVING,Invasive Breast Carcinoma,Female,230.0,0.3548430434782609,119.0,51.0,0.5173913043478261,0.2217391304347826
TCGA-A8-A092,TCGA-A8-A092-01,64.0,0:LIVING,Invasive Breast Carcinoma,Female,147.0,0.016999999999999994,72.0,30.0,0.4897959183673469,0.20408163265306123
TCGA-A8-A093,TCGA-A8-A093-01,81.0,0:LIVING,Invasive Breast Carcinoma,Female,184.0,-0.05227010869565218,69.0,54.0,0.375,0.29347826086956524
TCGA-A8-A094,TCGA-A8-A094-01,162.0,0:LIVING,Invasive Breast Carcinoma,Female,497.0,-0.028215291750503017,123.0,177.0,0.24748490945674045,0.3561368209255533
TCGA-A8-A095,TCGA-A8-A095-01,113.0,0:LIVING,Invasive Breast Carcinoma,Female,49.0,-0.13842448979591837,6.0,11.0,0.12244897959183673,0.22448979591836735
TCGA-A8-A096,TCGA-A8-A096-01,27.0,0:LIVING,Invasive Breast Carcinoma,Female,45.0,-0.23957555555555554,1.0,8.0,0.022222222222222223,0.17777777777777778
TCGA-A8-A097,TCGA-A8-A097-01,76.0,0:LIVING,Invasive Breast Carcinoma,Female,528.0,0.11935530303030302,185.0,110.0,0.3503787878787879,0.20833333333333334
TCGA-A8-A099,TCGA-A8-A099-01,26.0,0:LIVING,Invasive Breast Carcinoma,Female,139.0,-0.16825179856115108,13.0,39.0,0.09352517985611511,0.2805755395683453
TCGA-A8-A09A,TCGA-A8-A09A-01,168.0,0:LIVING,Invasive Breast Carcinoma,Female,513.0,0.009611306042884992,147.0,100.0,0.28654970760233917,0.1949317738791423
TCGA-A8-A09B,TCGA-A8-A09B-01,32.0,0:LIVING,Invasive Breast Carcinoma,Female,138.0,-0.29247753623188405,20.0,56.0,0.14492753623188406,0.4057971014492754
TCGA-A8-A09C,TCGA-A8-A09C-01,17.0,0:LIVING,Invasive Breast Carcinoma,Female,314.0,0.14264649681528663,150.0,91.0,0.47770700636942676,0.2898089171974522
TCGA-A8-A09D,TCGA-A8-A09D-01,32.0,0:LIVING,Invasive Breast Carcinoma,Female,528.0,0.48504715909090906,282.0,87.0,0.5340909090909091,0.16477272727272727
TCGA-A8-A09E,TCGA-A8-A09E-01,36.0,0:LIVING,Invasive Breast Carcinoma,Female,469.0,0.02595522388059701,174.0,103.0,0.37100213219616207,0.21961620469083157
TCGA-A8-A09G,TCGA-A8-A09G-01,217.0,0:LIVING,Invasive Breast Carcinoma,Female,303.0,0.07592706270627061,58.0,65.0,0.19141914191419143,0.2145214521452145
TCGA-A8-A09I,TCGA-A8-A09I-01,105.0,0:LIVING,Invasive Breast Carcinoma,Female,530.0,0.31085396226415096,235.0,82.0,0.44339622641509435,0.15471698113207547
TCGA-A8-A09K,TCGA-A8-A09K-01,31.0,0:LIVING,Invasive Breast Carcinoma,Female,507.0,0.07390295857988166,247.0,117.0,0.48717948717948717,0.23076923076923078
TCGA-A8-A09M,TCGA-A8-A09M-01,104.0,0:LIVING,Invasive Breast Carcinoma,Female,374.0,-0.038489572192513366,101.0,112.0,0.2700534759358289,0.2994652406417112
TCGA-A8-A09N,TCGA-A8-A09N-01,54.0,0:LIVING,Invasive Breast Carcinoma,Female,553.0,0.1293641952983725,311.0,139.0,0.5623869801084991,0.2513562386980108
TCGA-A8-A09Q,TCGA-A8-A09Q-01,118.0,0:LIVING,Invasive Breast Carcinoma,Female,935.0,0.15590417112299465,402.0,232.0,0.4299465240641711,0.24812834224598931
TCGA-A8-A09R,TCGA-A8-A09R-01,0.0,0:LIVING,Invasive Breast Carcinoma,Female,217.0,0.015867281105990783,98.0,59.0,0.45161290322580644,0.271889400921659
TCGA-A8-A09T,TCGA-A8-A09T-01,18.0,0:LIVING,Invasive Breast Carcinoma,Female,211.0,-0.08822890995260663,15.0,41.0,0.07109004739336493,0.1943127962085308
TCGA-A8-A09V,TCGA-A8-A09V-01,21.0,0:LIVING,Invasive Breast Carcinoma,Female,84.0,-0.3947761904761905,9.0,28.0,0.10714285714285714,0.3333333333333333
TCGA-A8-A09W,TCGA-A8-A09W-01,67.0,0:LIVING,Invasive Breast Carcinoma,Female,242.0,-0.02173512396694215,75.0,65.0,0.30991735537190085,0.26859504132231404
TCGA-A8-A09X,TCGA-A8-A09X-01,42.0,1:DECEASED,Invasive Breast Carcinoma,Female,177.0,-0.16030112994350282,24.0,63.0,0.13559322033898305,0.3559322033898305
TCGA-A8-A09Z,TCGA-A8-A09Z-01,1029.0,0:LIVING,Invasive Breast Carcinoma,Female,206.0,-0.05658398058252427,14.0,30.0,0.06796116504854369,0.14563106796116504
TCGA-A8-A0A1,TCGA-A8-A0A1-01,36.0,0:LIVING,Invasive Breast Carcinoma,Female,113.0,-0.3097619469026549,8.0,43.0,0.07079646017699115,0.3805309734513274
TCGA-A8-A0A2,TCGA-A8-A0A2-01,25.0,0:LIVING,Invasive Breast Carcinoma,Female,181.0,-0.25422817679558013,42.0,54.0,0.23204419889502761,0.2983425414364641
TCGA-A8-A0A4,TCGA-A8-A0A4-01,15.0,0:LIVING,Invasive Breast Carcinoma,Female,154.0,-0.32929155844155844,21.0,66.0,0.13636363636363635,0.42857142857142855
TCGA-A8-A0A6,TCGA-A8-A0A6-01,21.0,0:LIVING,Invasive Breast Carcinoma,Female,161.0,0.17015590062111802,58.0,46.0,0.36024844720496896,0.2857142857142857
TCGA-A8-A0A7,TCGA-A8-A0A7-01,161.0,0:LIVING,Invasive Breast Carcinoma,Female,185.0,0.12715837837837837,57.0,22.0,0.3081081081081081,0.11891891891891893
TCGA-A8-A0A9,TCGA-A8-A0A9-01,48.0,0:LIVING,Invasive Breast Carcinoma,Female,126.0,-0.15973730158730157,52.0,45.0,0.4126984126984127,0.35714285714285715
TCGA-A8-A0AB,TCGA-A8-A0AB-01,20.0,0:LIVING,Invasive Breast Carcinoma,Female,292.0,-0.08133630136986301,63.0,71.0,0.21575342465753425,0.24315068493150685
TCGA-A8-A0AD,TCGA-A8-A0AD-01,25.0,0:LIVING,Invasive Breast Carcinoma,Female,443.0,-0.22623408577878104,113.0,216.0,0.255079006772009,0.48758465011286684
TCGA-AC-A23C,TCGA-AC-A23C-01,92.0,0:LIVING,Invasive Breast Carcinoma,Female,386.0,0.20287979274611398,145.0,66.0,0.3756476683937824,0.17098445595854922
TCGA-AC-A23E,TCGA-AC-A23E-01,16.0,0:LIVING,Invasive Breast Carcinoma,Female,118.0,-0.2754788135593221,16.0,37.0,0.13559322033898305,0.3135593220338983
TCGA-AC-A23G,TCGA-AC-A23G-01,25.0,0:LIVING,Invasive Breast Carcinoma,Female,99.0,-0.3432969696969697,13.0,31.0,0.13131313131313133,0.31313131313131315
TCGA-AC-A23H,TCGA-AC-A23H-01,3785.0,1:DECEASED,Invasive Breast Carcinoma,Female,448.0,0.09455781249999999,202.0,77.0,0.45089285714285715,0.171875
TCGA-AC-A2B8,TCGA-AC-A2B8-01,74.0,0:LIVING,Invasive Breast Carcinoma,Female,80.0,-0.19314875,18.0,23.0,0.225,0.2875
TCGA-AC-A2BK,TCGA-AC-A2BK-01,62.0,0:LIVING,Invasive Breast Carcinoma,Female,398.0,-0.11904020100502513,146.0,131.0,0.36683417085427134,0.32914572864321606
TCGA-AC-A2BM,TCGA-AC-A2BM-01,12.0,0:LIVING,Invasive Breast Carcinoma,Female,525.0,-0.02228647619047619,198.0,142.0,0.37714285714285717,0.2704761904761905
TCGA-AC-A2FB,TCGA-AC-A2FB-01,9.0,0:LIVING,Invasive Breast Carcinoma,Female,135.0,-0.07900592592592592,32.0,26.0,0.23703703703703705,0.1925925925925926
TCGA-AC-A2FE,TCGA-AC-A2FE-01,0.0,1:DECEASED,Invasive Breast Carcinoma,Female,172.0,0.20325755813953486,83.0,37.0,0.48255813953488375,0.21511627906976744
TCGA-AC-A2FF,TCGA-AC-A2FF-01,9.0,0:LIVING,Invasive Breast Carcinoma,Female,128.0,-0.2829859375,6.0,35.0,0.046875,0.2734375
TCGA-AC-A2FG,TCGA-AC-A2FG-01,26.0,0:LIVING,Invasive Breast Carcinoma,Female,87.0,-0.08407011494252874,20.0,20.0,0.22988505747126436,0.22988505747126436
TCGA-AC-A2FK,TCGA-AC-A2FK-01,0.0,0:LIVING,Invasive Breast Carcinoma,Female,48.0,-0.4240479166666667,1.0,10.0,0.020833333333333332,0.20833333333333334
TCGA-AC-A2FM,TCGA-AC-A2FM-01,0.0,1:DECEASED,Invasive Breast Carcinoma,Female,306.0,0.12164150326797385,136.0,74.0,0.4444444444444444,0.24183006535947713
TCGA-AC-A2FO,TCGA-AC-A2FO-01,20.0,0:LIVING,Invasive Breast Carcinoma,Female,164.0,-0.008026829268292686,36.0,45.0,0.21951219512195122,0.27439024390243905
TCGA-AC-A2QH,TCGA-AC-A2QH-01,23.0,0:LIVING,Invasive Breast Carcinoma,Female,717.0,0.10442133891213388,264.0,170.0,0.3682008368200837,0.23709902370990238
TCGA-AC-A2QI,TCGA-AC-A2QI-01,0.0,0:LIVING,Invasive Breast Carcinoma,Female,84.0,-0.23071309523809522,5.0,20.0,0.05952380952380952,0.23809523809523808
TCGA-AC-A2QJ,TCGA-AC-A2QJ-01,0.0,1:DECEASED,Invasive Breast Carcinoma,Female,189.0,-0.1627015873015873,19.0,45.0,0.10052910052910052,0.23809523809523808
TCGA-AC-A3BB,TCGA-AC-A3BB-01,0.0,0:LIVING,Invasive Breast Carcinoma,Female,88.0,-0.3136284090909091,4.0,30.0,0.045454545454545456,0.3409090909090909
TCGA-AC-A3EH,TCGA-AC-A3EH-01,0.0,1:DECEASED,Invasive Breast Carcinoma,Female,182.0,-0.2679093406593407,19.0,75.0,0.1043956043956044,0.41208791208791207
TCGA-AC-A3HN,TCGA-AC-A3HN-01,0.0,0:LIVING,Invasive Breast Carcinoma,Female,114.0,-0.21808508771929824,15.0,32.0,0.13157894736842105,0.2807017543859649
TCGA-AC-A3OD,TCGA-AC-A3OD-01,24.0,0:LIVING,Invasive Breast Carcinoma,Female,226.0,-0.011626106194690265,69.0,64.0,0.3053097345132743,0.2831858407079646
TCGA-AC-A3QP,TCGA-AC-A3QP-01,0.0,0:LIVING,Invasive Breast Carcinoma,Female,66.0,-0.26368939393939395,9.0,19.0,0.13636363636363635,0.2878787878787879
TCGA-AC-A3QQ,TCGA-AC-A3QQ-01,24.0,0:LIVING,Invasive Breast Carcinoma,Female,163.0,0.23754601226993866,75.0,22.0,0.4601226993865031,0.13496932515337423
TCGA-AC-A3TM,TCGA-AC-A3TM-01,0.0,0:LIVING,Invasive Breast Carcinoma,Female,160.0,-0.09184375,33.0,42.0,0.20625,0.2625
TCGA-AC-A3TN,TCGA-AC-A3TN-01,0.0,0:LIVING,Invasive Breast Carcinoma,Female,100.0,-0.184408,3.0,18.0,0.03,0.18
TCGA-AC-A3W5,TCGA-AC-A3W5-01,0.0,0:LIVING,Invasive Breast Carcinoma,Female,439.0,-0.09799908883826879,121.0,136.0,0.275626423690205,0.3097949886104784
TCGA-AC-A3W6,TCGA-AC-A3W6-01,0.0,0:LIVING,Invasive Breast Carcinoma,Female,74.0,-0.465227027027027,1.0,31.0,0.013513513513513514,0.4189189189189189
TCGA-AC-A3W7,TCGA-AC-A3W7-01,48.0,0:LIVING,Invasive Breast Carcinoma,Female,140.0,-0.13916071428571428,9.0,29.0,0.06428571428571428,0.20714285714285716
TCGA-AC-A3YI,TCGA-AC-A3YI-01,13.0,0:LIVING,Invasive Breast Carcinoma,Female,116.0,0.040952586206896555,38.0,11.0,0.3275862068965517,0.09482758620689655
TCGA-AC-A3YJ,TCGA-AC-A3YJ-01,0.0,0:LIVING,Invasive Breast Carcinoma,Female,68.0,-0.2848176470588235,11.0,14.0,0.16176470588235295,0.20588235294117646
TCGA-AC-A4ZE,TCGA-AC-A4ZE-01,41.0,0:LIVING,Invasive Breast Carcinoma,Female,202.0,-0.0562361386138614,44.0,69.0,0.21782178217821782,0.3415841584158416
TCGA-AC-A5EH,TCGA-AC-A5EH-01,113.0,0:LIVING,Invasive Breast Carcinoma,Female,331.0,-0.23796737160120846,50.0,134.0,0.1510574018126888,0.40483383685800606
TCGA-AC-A5EI,TCGA-AC-A5EI-01,25.0,0:LIVING,Invasive Breast Carcinoma,Female,103.0,-0.2410378640776699,20.0,25.0,0.1941747572815534,0.24271844660194175
TCGA-AC-A5XS,TCGA-AC-A5XS-01,360.0,0:LIVING,Invasive Breast Carcinoma,Female,107.0,-0.03222803738317758,37.0,23.0,0.34579439252336447,0.21495327102803738
TCGA-AC-A5XU,TCGA-AC-A5XU-01,44.0,0:LIVING,Invasive Breast Carcinoma,Female,709.0,0.18049069111424543,376.0,157.0,0.5303244005641748,0.22143864598025387
TCGA-AC-A62V,TCGA-AC-A62V-01,58.0,1:DECEASED,Invasive Breast Carcinoma,Male,547.0,0.27502632541133454,287.0,126.0,0.5246800731261426,0.2303473491773309
TCGA-AC-A62X,TCGA-AC-A62X-01,41.0,0:LIVING,Invasive Breast Carcinoma,Female,356.0,-0.09855196629213482,138.0,89.0,0.38764044943820225,0.25
TCGA-AC-A62Y,TCGA-AC-A62Y-01,48.0,0:LIVING,Invasive Breast Carcinoma,Female,141.0,-0.2501765957446809,40.0,44.0,0.28368794326241137,0.3120567375886525
TCGA-AC-A6IV,TCGA-AC-A6IV-01,14.0,0:LIVING,Invasive Breast Carcinoma,Female,108.0,-0.0640462962962963,14.0,14.0,0.12962962962962962,0.12962962962962962
TCGA-AC-A6IW,TCGA-AC-A6IW-01,102.0,0:LIVING,Invasive Breast Carcinoma,Female,509.0,-0.10057445972495088,126.0,130.0,0.2475442043222004,0.2554027504911591
TCGA-AC-A6IX,TCGA-AC-A6IX-01,38.0,0:LIVING,Invasive Breast Carcinoma,Female,258.0,0.2300391472868217,97.0,53.0,0.375968992248062,0.2054263565891473
TCGA-AC-A6IX,TCGA-AC-A6IX-06,29.0,0:LIVING,Invasive Breast Carcinoma,Female,229.0,0.17087816593886465,95.0,51.0,0.4148471615720524,0.22270742358078602
TCGA-AC-A6NO,TCGA-AC-A6NO-01,20.0,0:LIVING,Invasive Breast Carcinoma,Female,71.0,-0.3540450704225352,18.0,21.0,0.2535211267605634,0.29577464788732394
TCGA-AC-A7VB,TCGA-AC-A7VB-01,18.0,0:LIVING,Invasive Breast Carcinoma,Female,475.0,0.12763031578947368,179.0,122.0,0.37684210526315787,0.25684210526315787
TCGA-AC-A7VC,TCGA-AC-A7VC-01,14.0,0:LIVING,Invasive Breast Carcinoma,Female,165.0,-0.06489939393939394,33.0,40.0,0.2,0.24242424242424243
TCGA-AC-A8OP,TCGA-AC-A8OP-01,108.0,0:LIVING,Invasive Breast Carcinoma,Female,364.0,0.0525445054945055,153.0,79.0,0.42032967032967034,0.21703296703296704
TCGA-AC-A8OQ,TCGA-AC-A8OQ-01,70.0,0:LIVING,Invasive Breast Carcinoma,Female,763.0,0.03253342070773264,243.0,135.0,0.31847968545216254,0.17693315858453473
TCGA-AC-A8OR,TCGA-AC-A8OR-01,23.0,0:LIVING,Invasive Breast Carcinoma,Female,168.0,-0.20471964285714284,0.0,34.0,0.0,0.20238095238095238
TCGA-AC-A8OS,TCGA-AC-A8OS-01,33.0,0:LIVING,Invasive Breast Carcinoma,Female,79.0,-0.28384683544303796,8.0,22.0,0.10126582278481013,0.27848101265822783
TCGA-AN-A03X,TCGA-AN-A03X-01,27.0,0:LIVING,Invasive Breast Carcinoma,Female,152.0,0.04529342105263158,64.0,44.0,0.42105263157894735,0.2894736842105263
TCGA-AN-A03Y,TCGA-AN-A03Y-01,25.0,0:LIVING,Invasive Breast Carcinoma,Female,303.0,0.09019240924092409,96.0,74.0,0.31683168316831684,0.24422442244224424
TCGA-AN-A041,TCGA-AN-A041-01,25.0,0:LIVING,Invasive Breast Carcinoma,Female,279.0,-0.3075107526881721,97.0,94.0,0.34767025089605735,0.33691756272401435
TCGA-AN-A046,TCGA-AN-A046-01,4784.0,0:LIVING,Invasive Breast Carcinoma,Female,101.0,-0.20663861386138613,10.0,27.0,0.09900990099009901,0.26732673267326734
TCGA-AN-A049,TCGA-AN-A049-01,28.0,0:LIVING,Invasive Breast Carcinoma,Female,277.0,-0.18955631768953068,65.0,103.0,0.23465703971119134,0.37184115523465705
TCGA-AN-A04A,TCGA-AN-A04A-01,26.0,0:LIVING,Invasive Breast Carcinoma,Female,359.0,0.08843871866295264,146.0,114.0,0.40668523676880225,0.31754874651810583
TCGA-AN-A04C,TCGA-AN-A04C-01,63.0,0:LIVING,Invasive Breast Carcinoma,Female,417.0,0.45334772182254196,244.0,77.0,0.5851318944844125,0.18465227817745802
TCGA-AN-A04D,TCGA-AN-A04D-01,75.0,0:LIVING,Invasive Breast Carcinoma,Female,406.0,-0.05477463054187192,109.0,73.0,0.2684729064039409,0.17980295566502463
TCGA-AN-A0AJ,TCGA-AN-A0AJ-01,65.0,0:LIVING,Invasive Breast Carcinoma,Female,743.0,0.3271532974427995,420.0,171.0,0.5652759084791387,0.23014804845222073
TCGA-AN-A0AK,TCGA-AN-A0AK-01,1095.0,0:LIVING,Invasive Breast Carcinoma,Female,292.0,-0.09038390410958903,43.0,67.0,0.14726027397260275,0.22945205479452055
TCGA-AN-A0AL,TCGA-AN-A0AL-01,74.0,0:LIVING,Invasive Breast Carcinoma,Female,276.0,-0.00902282608695652,99.0,75.0,0.358695652173913,0.2717391304347826
TCGA-AN-A0AM,TCGA-AN-A0AM-01,62.0,0:LIVING,Invasive Breast Carcinoma,Female,1208.0,0.3769791390728477,662.0,165.0,0.5480132450331126,0.13658940397350994
TCGA-AN-A0AR,TCGA-AN-A0AR-01,96.0,0:LIVING,Invasive Breast Carcinoma,Female,831.0,0.07577785800240673,348.0,211.0,0.4187725631768953,0.2539109506618532
TCGA-AN-A0AS,TCGA-AN-A0AS-01,33.0,0:LIVING,Invasive Breast Carcinoma,Female,552.0,0.18770253623188407,213.0,90.0,0.3858695652173913,0.16304347826086957
TCGA-AN-A0AT,TCGA-AN-A0AT-01,101.0,0:LIVING,Invasive Breast Carcinoma,Female,672.0,0.02695297619047619,251.0,167.0,0.37351190476190477,0.24851190476190477
TCGA-AN-A0FD,TCGA-AN-A0FD-01,26.0,0:LIVING,Invasive Breast Carcinoma,Female,453.0,0.15874326710816777,154.0,77.0,0.33995584988962474,0.16997792494481237
TCGA-AN-A0FF,TCGA-AN-A0FF-01,18.0,0:LIVING,Invasive Breast Carcinoma,Female,110.0,-0.026044545454545452,30.0,28.0,0.2727272727272727,0.2545454545454545
TCGA-AN-A0FJ,TCGA-AN-A0FJ-01,77.0,0:LIVING,Invasive Breast Carcinoma,Female,890.0,0.19253044943820224,463.0,176.0,0.5202247191011236,0.19775280898876405
TCGA-AN-A0FK,TCGA-AN-A0FK-01,28.0,0:LIVING,Invasive Breast Carcinoma,Female,123.0,0.21232845528455285,62.0,36.0,0.5040650406504065,0.2926829268292683
TCGA-AN-A0FL,TCGA-AN-A0FL-01,139.0,0:LIVING,Invasive Breast Carcinoma,Female,584.0,0.1538179794520548,296.0,108.0,0.5068493150684932,0.18493150684931506
TCGA-AN-A0FN,TCGA-AN-A0FN-01,29.0,0:LIVING,Invasive Breast Carcinoma,Female,68.0,-0.27979117647058827,3.0,14.0,0.04411764705882353,0.20588235294117646
TCGA-AN-A0FS,TCGA-AN-A0FS-01,47.0,0:LIVING,Invasive Breast Carcinoma,Female,271.0,-0.07729815498154982,38.0,62.0,0.14022140221402213,0.22878228782287824
TCGA-AN-A0FT,TCGA-AN-A0FT-01,78.0,0:LIVING,Invasive Breast Carcinoma,Female,710.0,0.12032676056338028,314.0,180.0,0.4422535211267606,0.2535211267605634
TCGA-AN-A0FV,TCGA-AN-A0FV-01,68.0,0:LIVING,Invasive Breast Carcinoma,Female,301.0,0.17014817275747507,102.0,104.0,0.3388704318936877,0.34551495016611294
TCGA-AN-A0FW,TCGA-AN-A0FW-01,90.0,0:LIVING,Invasive Breast Carcinoma,Female,463.0,0.002105183585313172,103.0,95.0,0.2224622030237581,0.20518358531317496
TCGA-AN-A0FX,TCGA-AN-A0FX-01,79.0,0:LIVING,Invasive Breast Carcinoma,Female,383.0,0.05107310704960835,140.0,103.0,0.36553524804177545,0.2689295039164491
TCGA-AN-A0FY,TCGA-AN-A0FY-01,48.0,0:LIVING,Invasive Breast Carcinoma,Female,499.0,0.07491823647294589,193.0,118.0,0.3867735470941884,0.23647294589178355
TCGA-AN-A0FZ,TCGA-AN-A0FZ-01,58.0,0:LIVING,Invasive Breast Carcinoma,Female,768.0,0.332594140625,405.0,147.0,0.52734375,0.19140625
TCGA-AN-A0G0,TCGA-AN-A0G0-01,27.0,0:LIVING,Invasive Breast Carcinoma,Female,10802.0,0.18682495834104795,5042.0,1464.0,0.466765413812257,0.135530457322718
TCGA-AN-A0XL,TCGA-AN-A0XL-01,0.0,0:LIVING,Invasive Breast Carcinoma,Female,93.0,-0.12041290322580644,26.0,25.0,0.27956989247311825,0.26881720430107525
TCGA-AN-A0XN,TCGA-AN-A0XN-01,125.0,0:LIVING,Invasive Breast Carcinoma,Female,759.0,0.07453109354413702,306.0,166.0,0.4031620553359684,0.21870882740447958
TCGA-AN-A0XO,TCGA-AN-A0XO-01,27.0,0:LIVING,Invasive Breast Carcinoma,Female,271.0,-0.07158966789667896,43.0,51.0,0.15867158671586715,0.1881918819188192
TCGA-AN-A0XP,TCGA-AN-A0XP-01,23.0,0:LIVING,Invasive Breast Carcinoma,Female,96.0,-0.97109375,10.0,43.0,0.10416666666666667,0.4479166666666667
TCGA-AN-A0XR,TCGA-AN-A0XR-01,25.0,0:LIVING,Invasive Breast Carcinoma,Female,237.0,-0.01643586497890295,64.0,46.0,0.270042194092827,0.1940928270042194
TCGA-AN-A0XS,TCGA-AN-A0XS-01,26.0,0:LIVING,Invasive Breast Carcinoma,Female,83.0,-0.37186385542168676,5.0,25.0,0.060240963855421686,0.30120481927710846
TCGA-AN-A0XT,TCGA-AN-A0XT-01,8.0,0:LIVING,Invasive Breast Carcinoma,Female,246.0,-0.057069918699187,78.0,96.0,0.3170731707317073,0.3902439024390244
TCGA-AN-A0XU,TCGA-AN-A0XU-01,108.0,0:LIVING,Invasive Breast Carcinoma,Female,701.0,0.08237232524964337,272.0,139.0,0.3880171184022825,0.19828815977175462
TCGA-AN-A0XV,TCGA-AN-A0XV-01,28.0,0:LIVING,Invasive Breast Carcinoma,Female,265.0,0.23459056603773584,114.0,53.0,0.43018867924528303,0.2
TCGA-AN-A0XW,TCGA-AN-A0XW-01,245.0,0:LIVING,Invasive Breast Carcinoma,Female,448.0,0.06419308035714286,148.0,120.0,0.33035714285714285,0.26785714285714285
TCGA-AO-A03L,TCGA-AO-A03L-01,23.0,0:LIVING,Invasive Breast Carcinoma,Female,511.0,0.05104755381604697,227.0,165.0,0.44422700587084146,0.32289628180039137
TCGA-AO-A03M,TCGA-AO-A03M-01,0.0,0:LIVING,Invasive Breast Carcinoma,Female,239.0,0.3228100418410042,108.0,46.0,0.45188284518828453,0.19246861924686193
TCGA-AO-A03N,TCGA-AO-A03N-01,0.0,0:LIVING,Invasive Breast Carcinoma,Female,383.0,0.01472715404699739,154.0,112.0,0.402088772845953,0.2924281984334204
TCGA-AO-A03O,TCGA-AO-A03O-01,65.0,1:DECEASED,Invasive Breast Carcinoma,Female,902.0,0.2288272727272727,466.0,168.0,0.516629711751663,0.18625277161862527
TCGA-AO-A03P,TCGA-AO-A03P-01,32.0,1:DECEASED,Invasive Breast Carcinoma,Female,629.0,0.4868639109697933,344.0,126.0,0.5468998410174881,0.20031796502384738
TCGA-AO-A03R,TCGA-AO-A03R-01,33.0,0:LIVING,Invasive Breast Carcinoma,Female,114.0,-0.07230263157894737,23.0,28.0,0.20175438596491227,0.24561403508771928
TCGA-AO-A03T,TCGA-AO-A03T-01,78.0,0:LIVING,Invasive Breast Carcinoma,Female,153.0,-0.180262091503268,35.0,53.0,0.22875816993464052,0.3464052287581699
TCGA-AO-A03U,TCGA-AO-A03U-01,0.0,1:DECEASED,Invasive Breast Carcinoma,Female,51.0,-0.20239019607843137,1.0,12.0,0.0196078431372549,0.23529411764705882
TCGA-AO-A03V,TCGA-AO-A03V-01,45.0,0:LIVING,Invasive Breast Carcinoma,Female,528.0,0.14831912878787878,234.0,153.0,0.4431818181818182,0.2897727272727273
TCGA-AO-A0J2,TCGA-AO-A0J2-01,52.0,0:LIVING,Invasive Breast Carcinoma,Female,674.0,-0.040126409495548965,332.0,192.0,0.49258160237388726,0.28486646884273
TCGA-AO-A0J3,TCGA-AO-A0J3-01,63.0,0:LIVING,Invasive Breast Carcinoma,Female,440.0,0.0522775,160.0,137.0,0.36363636363636365,0.31136363636363634
TCGA-AO-A0J4,TCGA-AO-A0J4-01,88.0,0:LIVING,Invasive Breast Carcinoma,Female,467.0,-0.07263661670235547,137.0,144.0,0.29336188436830835,0.3083511777301927
TCGA-AO-A0J5,TCGA-AO-A0J5-01,39.0,1:DECEASED,Invasive Breast Carcinoma,Female,205.0,0.2076429268292683,75.0,36.0,0.36585365853658536,0.17560975609756097
TCGA-AO-A0J6,TCGA-AO-A0J6-01,90.0,0:LIVING,Invasive Breast Carcinoma,Female,449.0,-0.1625095768374165,106.0,190.0,0.23608017817371937,0.42316258351893093
TCGA-AO-A0J7,TCGA-AO-A0J7-01,14.0,0:LIVING,Invasive Breast Carcinoma,Female,140.0,-0.04165928571428571,76.0,33.0,0.5428571428571428,0.2357142857142857
TCGA-AO-A0J8,TCGA-AO-A0J8-01,21.0,0:LIVING,Invasive Breast Carcinoma,Female,72.0,-0.2507888888888889,8.0,26.0,0.1111111111111111,0.3611111111111111
TCGA-AO-A0J9,TCGA-AO-A0J9-01,93.0,0:LIVING,Invasive Breast Carcinoma,Female,108.0,-0.5344324074074074,22.0,50.0,0.2037037037037037,0.46296296296296297
TCGA-AO-A0JA,TCGA-AO-A0JA-01,20.0,0:LIVING,Invasive Breast Carcinoma,Female,169.0,-0.256298224852071,16.0,80.0,0.09467455621301775,0.47337278106508873
TCGA-AO-A0JB,TCGA-AO-A0JB-01,76.0,0:LIVING,Invasive Breast Carcinoma,Female,561.0,0.032333511586452764,169.0,131.0,0.30124777183600715,0.23351158645276293
TCGA-AO-A0JC,TCGA-AO-A0JC-01,115.0,0:LIVING,Invasive Breast Carcinoma,Female,57.0,-0.30120701754385965,1.0,15.0,0.017543859649122806,0.2631578947368421
TCGA-AO-A0JD,TCGA-AO-A0JD-01,92.0,0:LIVING,Invasive Breast Carcinoma,Female,650.0,0.09555523076923077,187.0,174.0,0.2876923076923077,0.2676923076923077
TCGA-AO-A0JE,TCGA-AO-A0JE-01,37.0,0:LIVING,Invasive Breast Carcinoma,Female,592.0,0.10746993243243243,237.0,143.0,0.40033783783783783,0.24155405405405406
TCGA-AO-A0JF,TCGA-AO-A0JF-01,19.0,0:LIVING,Invasive Breast Carcinoma,Female,104.0,-0.27092211538461536,4.0,26.0,0.038461538461538464,0.25
TCGA-AO-A0JG,TCGA-AO-A0JG-01,14.0,0:LIVING,Invasive Breast Carcinoma,Female,182.0,0.3066758241758242,89.0,43.0,0.489010989010989,0.23626373626373626
TCGA-AO-A0JI,TCGA-AO-A0JI-01,14.0,0:LIVING,Invasive Breast Carcinoma,Female,177.0,0.12200112994350283,46.0,51.0,0.2598870056497175,0.288135593220339
TCGA-AO-A0JJ,TCGA-AO-A0JJ-01,12.0,0:LIVING,Invasive Breast Carcinoma,Female,89.0,-0.22390898876404497,9.0,30.0,0.10112359550561797,0.33707865168539325
TCGA-AO-A0JL,TCGA-AO-A0JL-01,0.0,0:LIVING,Invasive Breast Carcinoma,Female,447.0,0.17587069351230425,237.0,102.0,0.5302013422818792,0.22818791946308725
TCGA-AO-A0JM,TCGA-AO-A0JM-01,34.0,0:LIVING,Invasive Breast Carcinoma,Female,483.0,0.1994455486542443,243.0,95.0,0.5031055900621118,0.19668737060041408
TCGA-AO-A124,TCGA-AO-A124-01,117.0,0:LIVING,Invasive Breast Carcinoma,Female,883.0,0.10689648924122311,431.0,257.0,0.4881087202718007,0.29105322763306907
TCGA-AO-A125,TCGA-AO-A125-01,0.0,0:LIVING,Invasive Breast Carcinoma,Female,67.0,-0.48565074626865673,4.0,17.0,0.05970149253731343,0.2537313432835821
TCGA-AO-A126,TCGA-AO-A126-01,0.0,0:LIVING,Invasive Breast Carcinoma,Female,159.0,-0.26287169811320754,22.0,65.0,0.13836477987421383,0.4088050314465409
TCGA-AO-A128,TCGA-AO-A128-01,739.0,0:LIVING,Invasive Breast Carcinoma,Female,148.0,-0.1290527027027027,35.0,28.0,0.23648648648648649,0.1891891891891892
TCGA-AO-A129,TCGA-AO-A129-01,0.0,0:LIVING,Invasive Breast Carcinoma,Female,550.0,0.06484636363636363,212.0,102.0,0.38545454545454544,0.18545454545454546
TCGA-AO-A12A,TCGA-AO-A12A-01,14.0,0:LIVING,Invasive Breast Carcinoma,Female,74.0,-0.4619716216216216,3.0,25.0,0.04054054054054054,0.33783783783783783
TCGA-AO-A12B,TCGA-AO-A12B-01,0.0,0:LIVING,Invasive Breast Carcinoma,Female,85.0,-0.20889058823529413,12.0,19.0,0.1411764705882353,0.2235294117647059
TCGA-AO-A12C,TCGA-AO-A12C-01,0.0,0:LIVING,Invasive Breast Carcinoma,Female,122.0,-0.3735598360655738,41.0,39.0,0.3360655737704918,0.319672131147541
TCGA-AO-A12D,TCGA-AO-A12D-01,41.0,0:LIVING,Invasive Breast Carcinoma,Female,478.0,0.21546338912133892,204.0,88.0,0.42677824267782427,0.18410041841004185
TCGA-AO-A12E,TCGA-AO-A12E-01,0.0,0:LIVING,Invasive Breast Carcinoma,Female,170.0,-0.09432235294117647,75.0,44.0,0.4411764705882353,0.25882352941176473
TCGA-AO-A12F,TCGA-AO-A12F-01,31.0,0:LIVING,Invasive Breast Carcinoma,Female,774.0,-0.04087751937984496,347.0,213.0,0.4483204134366925,0.2751937984496124
TCGA-AO-A12G,TCGA-AO-A12G-01,0.0,0:LIVING,Invasive Breast Carcinoma,Female,214.0,0.13941869158878503,81.0,47.0,0.37850467289719625,0.21962616822429906
TCGA-AO-A12H,TCGA-AO-A12H-01,19.0,0:LIVING,Invasive Breast Carcinoma,Female,54.0,-0.2442462962962963,4.0,9.0,0.07407407407407407,0.16666666666666666
TCGA-AO-A1KO,TCGA-AO-A1KO-01,0.0,0:LIVING,Invasive Breast Carcinoma,Female,58.0,-0.3223293103448276,2.0,11.0,0.034482758620689655,0.1896551724137931
TCGA-AO-A1KP,TCGA-AO-A1KP-01,13.0,0:LIVING,Invasive Breast Carcinoma,Female,215.0,-0.029183720930232547,53.0,42.0,0.24651162790697675,0.19534883720930232
TCGA-AO-A1KQ,TCGA-AO-A1KQ-01,0.0,0:LIVING,Invasive Breast Carcinoma,Male,329.0,-0.005574468085106383,120.0,88.0,0.364741641337386,0.2674772036474164
TCGA-AO-A1KR,TCGA-AO-A1KR-01,54.0,0:LIVING,Invasive Breast Carcinoma,Female,572.0,0.16711660839160838,260.0,98.0,0.45454545454545453,0.17132867132867133
TCGA-AO-A1KS,TCGA-AO-A1KS-01,30.0,0:LIVING,Invasive Breast Carcinoma,Female,289.0,0.1732491349480969,137.0,58.0,0.4740484429065744,0.20069204152249134
TCGA-AO-A1KT,TCGA-AO-A1KT-01,34.0,0:LIVING,Invasive Breast Carcinoma,Female,275.0,0.071264,83.0,67.0,0.3018181818181818,0.24363636363636362
TCGA-AQ-A04H,TCGA-AQ-A04H-01,50.0,0:LIVING,Invasive Breast Carcinoma,Female,375.0,0.19036693333333335,200.0,74.0,0.5333333333333333,0.19733333333333333
TCGA-AQ-A04J,TCGA-AQ-A04J-01,46.0,0:LIVING,Invasive Breast Carcinoma,Female,316.0,0.025681329113924053,68.0,87.0,0.21518987341772153,0.27531645569620256
TCGA-AQ-A04L,TCGA-AQ-A04L-01,0.0,0:LIVING,Invasive Breast Carcinoma,Female,,,,,,
TCGA-AQ-A0Y5,TCGA-AQ-A0Y5-01,42.0,1:DECEASED,Invasive Breast Carcinoma,Female,397.0,0.2465390428211587,176.0,117.0,0.4433249370277078,0.2947103274559194
TCGA-AQ-A1H2,TCGA-AQ-A1H2-01,23.0,0:LIVING,Invasive Breast Carcinoma,Female,551.0,-0.03259691470054446,185.0,124.0,0.33575317604355714,0.2250453720508167
TCGA-AQ-A1H3,TCGA-AQ-A1H3-01,17.0,0:LIVING,Invasive Breast Carcinoma,Female,75.0,-0.12777999999999998,19.0,19.0,0.25333333333333335,0.25333333333333335
TCGA-AQ-A54N,TCGA-AQ-A54N-01,54.0,0:LIVING,Invasive Breast Carcinoma,Female,726.0,0.11949710743801653,373.0,205.0,0.5137741046831956,0.28236914600550966
TCGA-AQ-A54O,TCGA-AQ-A54O-01,18.0,0:LIVING,Invasive Breast Carcinoma,Male,286.0,0.010016783216783218,127.0,58.0,0.44405594405594406,0.20279720279720279
TCGA-AQ-A7U7,TCGA-AQ-A7U7-01,48.0,1:DECEASED,Invasive Breast Carcinoma,Female,147.0,-0.1338925170068027,31.0,48.0,0.2108843537414966,0.32653061224489793
TCGA-AR-A0TP,TCGA-AR-A0TP-01,49.0,0:LIVING,Invasive Breast Carcinoma,Female,450.0,-0.059632888888888895,184.0,117.0,0.4088888888888889,0.26
TCGA-AR-A0TQ,TCGA-AR-A0TQ-01,24.0,0:LIVING,Invasive Breast Carcinoma,Female,160.0,0.235568125,64.0,34.0,0.4,0.2125
TCGA-AR-A0TR,TCGA-AR-A0TR-01,27.0,1:DECEASED,Invasive Breast Carcinoma,Female,151.0,-0.36608807947019867,34.0,81.0,0.2251655629139073,0.5364238410596026
TCGA-AR-A0TS,TCGA-AR-A0TS-01,65.0,0:LIVING,Invasive Breast Carcinoma,Female,284.0,-0.038194718309859155,63.0,40.0,0.22183098591549297,0.14084507042253522
TCGA-AR-A0TT,TCGA-AR-A0TT-01,46.0,0:LIVING,Invasive Breast Carcinoma,Female,714.0,0.2930549019607843,334.0,134.0,0.4677871148459384,0.1876750700280112
TCGA-AR-A0TU,TCGA-AR-A0TU-01,60.0,0:LIVING,Invasive Breast Carcinoma,Female,348.0,-0.14955,179.0,133.0,0.514367816091954,0.382183908045977
TCGA-AR-A0TV,TCGA-AR-A0TV-01,55.0,0:LIVING,Invasive Breast Carcinoma,Female,476.0,0.1898111344537815,190.0,122.0,0.39915966386554624,0.25630252100840334
TCGA-AR-A0TW,TCGA-AR-A0TW-01,40.0,0:LIVING,Invasive Breast Carcinoma,Female,621.0,0.13490032206119162,300.0,147.0,0.4830917874396135,0.23671497584541062
TCGA-AR-A0TX,TCGA-AR-A0TX-01,247.0,0:LIVING,Invasive Breast Carcinoma,Female,320.0,0.46389250000000004,187.0,60.0,0.584375,0.1875
TCGA-AR-A0TY,TCGA-AR-A0TY-01,55.0,1:DECEASED,Invasive Breast Carcinoma,Female,461.0,0.1652835140997831,197.0,130.0,0.42733188720173537,0.28199566160520606
TCGA-AR-A0TZ,TCGA-AR-A0TZ-01,47.0,1:DECEASED,Invasive Breast Carcinoma,Female,288.0,-0.09261284722222222,158.0,99.0,0.5486111111111112,0.34375
TCGA-AR-A0U0,TCGA-AR-A0U0-01,29.0,0:LIVING,Invasive Breast Carcinoma,Female,205.0,-0.0997609756097561,58.0,61.0,0.28292682926829266,0.2975609756097561
TCGA-AR-A0U1,TCGA-AR-A0U1-01,73.0,0:LIVING,Invasive Breast Carcinoma,Female,397.0,-0.026986901763224182,119.0,111.0,0.29974811083123426,0.2795969773299748
TCGA-AR-A0U2,TCGA-AR-A0U2-01,42.0,1:DECEASED,Invasive Breast Carcinoma,Female,317.0,0.08218296529968454,135.0,98.0,0.42586750788643535,0.30914826498422715
TCGA-AR-A0U3,TCGA-AR-A0U3-01,28.0,0:LIVING,Invasive Breast Carcinoma,Female,475.0,0.09019494736842104,210.0,161.0,0.4421052631578947,0.3389473684210526
TCGA-AR-A0U4,TCGA-AR-A0U4-01,0.0,0:LIVING,Invasive Breast Carcinoma,Female,495.0,0.17684525252525252,227.0,81.0,0.4585858585858586,0.16363636363636364
TCGA-AR-A1AH,TCGA-AR-A1AH-01,72.0,0:LIVING,Invasive Breast Carcinoma,Female,458.0,0.32248689956331883,316.0,102.0,0.6899563318777293,0.22270742358078602
TCGA-AR-A1AI,TCGA-AR-A1AI-01,59.0,0:LIVING,Invasive Breast Carcinoma,Female,574.0,-0.03116341463414634,169.0,172.0,0.29442508710801396,0.29965156794425085
TCGA-AR-A1AJ,TCGA-AR-A1AJ-01,31.0,0:LIVING,Invasive Breast Carcinoma,Female,191.0,0.06394293193717278,57.0,18.0,0.29842931937172773,0.09424083769633508
TCGA-AR-A1AK,TCGA-AR-A1AK-01,49.0,0:LIVING,Invasive Breast Carcinoma,Female,217.0,-0.0868405529953917,56.0,52.0,0.25806451612903225,0.23963133640552994
TCGA-AR-A1AL,TCGA-AR-A1AL-01,22.0,0:LIVING,Invasive Breast Carcinoma,Female,73.0,-0.13974109589041095,14.0,19.0,0.1917808219178082,0.2602739726027397
TCGA-AR-A1AM,TCGA-AR-A1AM-01,0.0,0:LIVING,Invasive Breast Carcinoma,Female,92.0,-0.19742717391304349,9.0,26.0,0.09782608695652174,0.2826086956521739
TCGA-AR-A1AN,TCGA-AR-A1AN-01,22.0,0:LIVING,Invasive Breast Carcinoma,Female,412.0,0.06231699029126213,125.0,98.0,0.30339805825242716,0.23786407766990292
TCGA-AR-A1AO,TCGA-AR-A1AO-01,61.0,0:LIVING,Invasive Breast Carcinoma,Female,179.0,-0.06716256983240224,5.0,19.0,0.027932960893854747,0.10614525139664804
TCGA-AR-A1AP,TCGA-AR-A1AP-01,25.0,0:LIVING,Invasive Breast Carcinoma,Female,345.0,0.1449663768115942,114.0,59.0,0.33043478260869563,0.17101449275362318
TCGA-AR-A1AQ,TCGA-AR-A1AQ-01,34.0,0:LIVING,Invasive Breast Carcinoma,Female,284.0,0.0273718309859155,107.0,72.0,0.3767605633802817,0.2535211267605634
TCGA-AR-A1AR,TCGA-AR-A1AR-01,38.0,1:DECEASED,Invasive Breast Carcinoma,Female,370.0,-0.037357297297297296,77.0,142.0,0.20810810810810812,0.3837837837837838
TCGA-AR-A1AS,TCGA-AR-A1AS-01,30.0,0:LIVING,Invasive Breast Carcinoma,Female,112.0,-0.12193839285714285,35.0,25.0,0.3125,0.22321428571428573
TCGA-AR-A1AT,TCGA-AR-A1AT-01,23.0,1:DECEASED,Invasive Breast Carcinoma,Female,,,,,,
TCGA-AR-A1AU,TCGA-AR-A1AU-01,17.0,0:LIVING,Invasive Breast Carcinoma,Female,288.0,-0.0022680555555555566,97.0,82.0,0.3368055555555556,0.2847222222222222
TCGA-AR-A1AV,TCGA-AR-A1AV-01,35.0,0:LIVING,Invasive Breast Carcinoma,Male,187.0,0.023154545454545455,53.0,23.0,0.28342245989304815,0.12299465240641712
TCGA-AR-A1AW,TCGA-AR-A1AW-01,28.0,0:LIVING,Invasive Breast Carcinoma,Female,156.0,0.032902564102564105,47.0,17.0,0.30128205128205127,0.10897435897435898
TCGA-AR-A1AX,TCGA-AR-A1AX-01,19.0,0:LIVING,Invasive Breast Carcinoma,Female,90.0,-0.1914388888888889,12.0,14.0,0.13333333333333333,0.15555555555555556
TCGA-AR-A1AY,TCGA-AR-A1AY-01,44.0,0:LIVING,Invasive Breast Carcinoma,Female,438.0,0.0910892694063927,172.0,100.0,0.3926940639269406,0.228310502283105
TCGA-AR-A24H,TCGA-AR-A24H-01,119.0,0:LIVING,Invasive Breast Carcinoma,Female,570.0,-0.06767263157894737,195.0,135.0,0.34210526315789475,0.23684210526315788
TCGA-AR-A24K,TCGA-AR-A24K-01,23.0,0:LIVING,Invasive Breast Carcinoma,Female,283.0,-0.016728975265017668,71.0,80.0,0.2508833922261484,0.2826855123674912
TCGA-AR-A24L,TCGA-AR-A24L-01,34.0,1:DECEASED,Invasive Breast Carcinoma,Female,209.0,-0.009539234449760766,47.0,64.0,0.22488038277511962,0.3062200956937799
TCGA-AR-A24M,TCGA-AR-A24M-01,11.0,0:LIVING,Invasive Breast Carcinoma,Female,86.0,-0.00979651162790698,25.0,15.0,0.29069767441860467,0.1744186046511628
TCGA-AR-A24N,TCGA-AR-A24N-01,30.0,0:LIVING,Invasive Breast Carcinoma,Female,69.0,-0.20431014492753624,11.0,17.0,0.15942028985507245,0.2463768115942029
TCGA-AR-A24O,TCGA-AR-A24O-01,17.0,0:LIVING,Invasive Breast Carcinoma,Female,80.0,-0.2553175,2.0,21.0,0.025,0.2625
TCGA-AR-A24P,TCGA-AR-A24P-01,17.0,0:LIVING,Invasive Breast Carcinoma,Female,46.0,-0.3917586956521739,3.0,16.0,0.06521739130434782,0.34782608695652173
TCGA-AR-A24Q,TCGA-AR-A24Q-01,133.0,0:LIVING,Invasive Breast Carcinoma,Female,424.0,-0.03857004716981132,173.0,128.0,0.4080188679245283,0.3018867924528302
TCGA-AR-A24R,TCGA-AR-A24R-01,17.0,0:LIVING,Invasive Breast Carcinoma,Female,274.0,0.3015193430656934,142.0,67.0,0.5182481751824818,0.24452554744525548
TCGA-AR-A24S,TCGA-AR-A24S-01,35.0,0:LIVING,Invasive Breast Carcinoma,Female,313.0,0.0865888178913738,100.0,55.0,0.3194888178913738,0.1757188498402556
TCGA-AR-A24T,TCGA-AR-A24T-01,21.0,0:LIVING,Invasive Breast Carcinoma,Female,78.0,-0.2371269230769231,4.0,30.0,0.05128205128205128,0.38461538461538464
TCGA-AR-A24U,TCGA-AR-A24U-01,33.0,0:LIVING,Invasive Breast Carcinoma,Female,320.0,0.22577906250000002,143.0,47.0,0.446875,0.146875
TCGA-AR-A24V,TCGA-AR-A24V-01,16.0,0:LIVING,Invasive Breast Carcinoma,Female,175.0,0.06436742857142858,68.0,42.0,0.38857142857142857,0.24
TCGA-AR-A24W,TCGA-AR-A24W-01,12.0,0:LIVING,Invasive Breast Carcinoma,Female,122.0,-0.09850409836065574,9.0,13.0,0.07377049180327869,0.10655737704918032
TCGA-AR-A24X,TCGA-AR-A24X-01,20.0,0:LIVING,Invasive Breast Carcinoma,Female,89.0,-0.4819988764044944,8.0,28.0,0.0898876404494382,0.3146067415730337
TCGA-AR-A24Z,TCGA-AR-A24Z-01,35.0,0:LIVING,Invasive Breast Carcinoma,Female,863.0,0.027877172653534184,395.0,212.0,0.45770567786790267,0.24565469293163383
TCGA-AR-A250,TCGA-AR-A250-01,85.0,0:LIVING,Invasive Breast Carcinoma,Female,428.0,0.17832546728971962,202.0,73.0,0.4719626168224299,0.1705607476635514
TCGA-AR-A251,TCGA-AR-A251-01,144.0,0:LIVING,Invasive Breast Carcinoma,Female,884.0,-0.019052828054298643,326.0,279.0,0.36877828054298645,0.3156108597285068
TCGA-AR-A252,TCGA-AR-A252-01,8.0,0:LIVING,Invasive Breast Carcinoma,Female,183.0,0.301579781420765,83.0,13.0,0.453551912568306,0.07103825136612021
TCGA-AR-A254,TCGA-AR-A254-01,29.0,0:LIVING,Invasive Breast Carcinoma,Female,400.0,0.38948225000000003,216.0,61.0,0.54,0.1525
TCGA-AR-A255,TCGA-AR-A255-01,46.0,0:LIVING,Invasive Breast Carcinoma,Female,329.0,-0.09371641337386018,99.0,118.0,0.3009118541033435,0.3586626139817629
TCGA-AR-A256,TCGA-AR-A256-01,151.0,1:DECEASED,Invasive Breast Carcinoma,Female,925.0,-0.03333005405405406,430.0,285.0,0.4648648648648649,0.3081081081081081
TCGA-AR-A2LE,TCGA-AR-A2LE-01,227.0,0:LIVING,Invasive Breast Carcinoma,Female,86.0,-0.06167674418604652,10.0,14.0,0.11627906976744186,0.16279069767441862
TCGA-AR-A2LH,TCGA-AR-A2LH-01,49.0,1:DECEASED,Invasive Breast Carcinoma,Female,35.0,-0.09970857142857142,0.0,2.0,0.0,0.05714285714285714
TCGA-AR-A2LJ,TCGA-AR-A2LJ-01,0.0,0:LIVING,Invasive Breast Carcinoma,Female,134.0,0.25399402985074626,42.0,34.0,0.31343283582089554,0.2537313432835821
TCGA-AR-A2LK,TCGA-AR-A2LK-01,30.0,1:DECEASED,Invasive Breast Carcinoma,Female,113.0,0.10621946902654868,38.0,49.0,0.336283185840708,0.4336283185840708
TCGA-AR-A2LL,TCGA-AR-A2LL-01,27.0,0:LIVING,Invasive Breast Carcinoma,Female,250.0,0.017192799999999994,80.0,68.0,0.32,0.272
TCGA-AR-A2LM,TCGA-AR-A2LM-01,12.0,0:LIVING,Invasive Breast Carcinoma,Female,97.0,0.24629278350515463,28.0,23.0,0.28865979381443296,0.23711340206185566
TCGA-AR-A2LN,TCGA-AR-A2LN-01,27.0,0:LIVING,Invasive Breast Carcinoma,Female,125.0,0.1131168,37.0,22.0,0.296,0.176
TCGA-AR-A2LO,TCGA-AR-A2LO-01,13.0,0:LIVING,Invasive Breast Carcinoma,Female,89.0,-0.12468651685393257,17.0,18.0,0.19101123595505617,0.20224719101123595
TCGA-AR-A2LQ,TCGA-AR-A2LQ-01,6.0,0:LIVING,Invasive Breast Carcinoma,Female,67.0,-0.2040641791044776,1.0,10.0,0.014925373134328358,0.14925373134328357
TCGA-AR-A2LR,TCGA-AR-A2LR-01,47.0,0:LIVING,Invasive Breast Carcinoma,Female,823.0,0.16651530984204133,452.0,151.0,0.5492102065613609,0.18347509113001215
TCGA-AR-A5QM,TCGA-AR-A5QM-01,22.0,0:LIVING,Invasive Breast Carcinoma,Female,108.0,-0.19805925925925927,20.0,23.0,0.18518518518518517,0.21296296296296297
TCGA-AR-A5QN,TCGA-AR-A5QN-01,27.0,0:LIVING,Invasive Breast Carcinoma,Female,137.0,0.09174744525547446,30.0,36.0,0.21897810218978103,0.26277372262773724
TCGA-AR-A5QP,TCGA-AR-A5QP-01,20.0,0:LIVING,Invasive Breast Carcinoma,Female,102.0,-0.3365529411764706,19.0,29.0,0.18627450980392157,0.28431372549019607
TCGA-AR-A5QQ,TCGA-AR-A5QQ-01,56.0,1:DECEASED,Invasive Breast Carcinoma,Female,87.0,-0.11946091954022987,8.0,13.0,0.09195402298850575,0.14942528735632185
TCGA-B6-A0I1,TCGA-B6-A0I1-01,0.0,1:DECEASED,Invasive Breast Carcinoma,Female,356.0,0.09838539325842696,164.0,70.0,0.4606741573033708,0.19662921348314608
TCGA-B6-A0I2,TCGA-B6-A0I2-01,44.0,0:LIVING,Invasive Breast Carcinoma,Female,193.0,-0.008777720207253883,88.0,79.0,0.45595854922279794,0.40932642487046633
TCGA-B6-A0I5,TCGA-B6-A0I5-01,18.0,0:LIVING,Invasive Breast Carcinoma,Female,58.0,-0.2727465517241379,14.0,15.0,0.2413793103448276,0.25862068965517243
TCGA-B6-A0I6,TCGA-B6-A0I6-01,80.0,1:DECEASED,Invasive Breast Carcinoma,Female,2980.0,-0.4163185570469799,922.0,1698.0,0.3093959731543624,0.5697986577181208
TCGA-B6-A0I8,TCGA-B6-A0I8-01,88.0,1:DECEASED,Invasive Breast Carcinoma,Female,7635.0,-0.42438327439423706,1654.0,3935.0,0.21663392272429602,0.5153896529142109
TCGA-B6-A0I9,TCGA-B6-A0I9-01,57.0,1:DECEASED,Invasive Breast Carcinoma,Female,767.0,0.18331069100391134,340.0,211.0,0.44328552803129073,0.27509778357235987
TCGA-B6-A0IA,TCGA-B6-A0IA-01,18.0,0:LIVING,Invasive Breast Carcinoma,Female,243.0,-0.06761028806584363,65.0,56.0,0.2674897119341564,0.23045267489711935
TCGA-B6-A0IB,TCGA-B6-A0IB-01,56.0,1:DECEASED,Invasive Breast Carcinoma,Female,136.0,-0.1509904411764706,55.0,45.0,0.40441176470588236,0.33088235294117646
TCGA-B6-A0IC,TCGA-B6-A0IC-01,29.0,1:DECEASED,Invasive Breast Carcinoma,Female,100.0,0.011525999999999998,35.0,22.0,0.35,0.22
TCGA-B6-A0IE,TCGA-B6-A0IE-01,26.0,1:DECEASED,Invasive Breast Carcinoma,Female,487.0,-0.17721806981519508,116.0,181.0,0.23819301848049282,0.37166324435318276
TCGA-B6-A0IG,TCGA-B6-A0IG-01,0.0,1:DECEASED,Invasive Breast Carcinoma,Female,842.0,-0.18480950118764847,128.0,377.0,0.15201900237529692,0.4477434679334917
TCGA-B6-A0IH,TCGA-B6-A0IH-01,35.0,1:DECEASED,Invasive Breast Carcinoma,Female,121.0,-0.3154396694214876,19.0,44.0,0.15702479338842976,0.36363636363636365
TCGA-B6-A0IJ,TCGA-B6-A0IJ-01,123.0,0:LIVING,Invasive Breast Carcinoma,Female,622.0,0.06164742765273312,263.0,168.0,0.4228295819935691,0.27009646302250806
TCGA-B6-A0IK,TCGA-B6-A0IK-01,96.0,1:DECEASED,Invasive Breast Carcinoma,Female,292.0,0.11455479452054795,91.0,70.0,0.3116438356164384,0.23972602739726026
TCGA-B6-A0IM,TCGA-B6-A0IM-01,24.0,1:DECEASED,Invasive Breast Carcinoma,Female,266.0,-0.15693684210526315,70.0,59.0,0.2631578947368421,0.22180451127819548
TCGA-B6-A0IN,TCGA-B6-A0IN-01,24.0,1:DECEASED,Invasive Breast Carcinoma,Female,450.0,0.20494,229.0,73.0,0.5088888888888888,0.1622222222222222
TCGA-B6-A0IO,TCGA-B6-A0IO-01,0.0,0:LIVING,Invasive Breast Carcinoma,Female,357.0,-0.044832773109243704,107.0,109.0,0.29971988795518206,0.30532212885154064
TCGA-B6-A0IP,TCGA-B6-A0IP-01,0.0,1:DECEASED,Invasive Breast Carcinoma,Female,81.0,-0.2115222222222222,7.0,18.0,0.08641975308641975,0.2222222222222222
TCGA-B6-A0IQ,TCGA-B6-A0IQ-01,0.0,0:LIVING,Invasive Breast Carcinoma,Female,592.0,0.04630844594594594,225.0,169.0,0.38006756756756754,0.28547297297297297
TCGA-B6-A0RE,TCGA-B6-A0RE-01,126.0,0:LIVING,Invasive Breast Carcinoma,Female,587.0,-0.054583304940374784,186.0,195.0,0.31686541737649065,0.3321976149914821
TCGA-B6-A0RG,TCGA-B6-A0RG-01,54.0,0:LIVING,Invasive Breast Carcinoma,Female,389.0,-0.07177609254498715,98.0,93.0,0.2519280205655527,0.2390745501285347
TCGA-B6-A0RH,TCGA-B6-A0RH-01,29.0,1:DECEASED,Invasive Breast Carcinoma,Female,296.0,-0.10138783783783784,94.0,74.0,0.31756756756756754,0.25
TCGA-B6-A0RI,TCGA-B6-A0RI-01,14.0,0:LIVING,Invasive Breast Carcinoma,Female,97.0,-0.25918041237113404,7.0,29.0,0.07216494845360824,0.29896907216494845
TCGA-B6-A0RL,TCGA-B6-A0RL-01,43.0,1:DECEASED,Invasive Breast Carcinoma,Female,366.0,-0.006749453551912569,128.0,112.0,0.34972677595628415,0.30601092896174864
TCGA-B6-A0RM,TCGA-B6-A0RM-01,22.0,1:DECEASED,Invasive Breast Carcinoma,Female,156.0,-0.2088980769230769,29.0,44.0,0.1858974358974359,0.28205128205128205
TCGA-B6-A0RN,TCGA-B6-A0RN-01,23.0,0:LIVING,Invasive Breast Carcinoma,Female,122.0,-0.24866639344262295,11.0,28.0,0.09016393442622951,0.22950819672131148
TCGA-B6-A0RO,TCGA-B6-A0RO-01,29.0,0:LIVING,Invasive Breast Carcinoma,Female,141.0,-0.2174836879432624,29.0,46.0,0.20567375886524822,0.3262411347517731
TCGA-B6-A0RP,TCGA-B6-A0RP-01,20.0,1:DECEASED,Invasive Breast Carcinoma,Female,110.0,-0.23967181818181818,24.0,47.0,0.21818181818181817,0.42727272727272725
TCGA-B6-A0RQ,TCGA-B6-A0RQ-01,35.0,1:DECEASED,Invasive Breast Carcinoma,Female,65.0,-0.3233876923076923,3.0,17.0,0.046153846153846156,0.26153846153846155
TCGA-B6-A0RS,TCGA-B6-A0RS-01,118.0,1:DECEASED,Invasive Breast Carcinoma,Female,576.0,-0.03771909722222222,202.0,142.0,0.3506944444444444,0.2465277777777778
TCGA-B6-A0RT,TCGA-B6-A0RT-01,45.0,0:LIVING,Invasive Breast Carcinoma,Female,356.0,-0.028203932584269665,39.0,28.0,0.10955056179775281,0.07865168539325842
TCGA-B6-A0RU,TCGA-B6-A0RU-01,37.0,0:LIVING,Invasive Breast Carcinoma,Female,212.0,-0.06692735849056604,65.0,59.0,0.30660377358490565,0.2783018867924528
TCGA-B6-A0RV,TCGA-B6-A0RV-01,30.0,0:LIVING,Invasive Breast Carcinoma,Female,314.0,0.062171019108280254,95.0,66.0,0.30254777070063693,0.21019108280254778
TCGA-B6-A0WS,TCGA-B6-A0WS-01,15.0,1:DECEASED,Invasive Breast Carcinoma,Female,181.0,-0.03447845303867403,69.0,56.0,0.3812154696132597,0.30939226519337015
TCGA-B6-A0WT,TCGA-B6-A0WT-01,14.0,0:LIVING,Invasive Breast Carcinoma,Female,103.0,0.3060825242718446,39.0,14.0,0.3786407766990291,0.13592233009708737
TCGA-B6-A0WV,TCGA-B6-A0WV-01,26.0,1:DECEASED,Invasive Breast Carcinoma,Female,203.0,-0.21409310344827587,54.0,76.0,0.2660098522167488,0.37438423645320196
TCGA-B6-A0WW,TCGA-B6-A0WW-01,30.0,1:DECEASED,Invasive Breast Carcinoma,Female,271.0,-0.008466420664206645,64.0,84.0,0.23616236162361623,0.30996309963099633
TCGA-B6-A0WX,TCGA-B6-A0WX-01,25.0,1:DECEASED,Invasive Breast Carcinoma,Female,244.0,-0.02386516393442623,78.0,86.0,0.319672131147541,0.3524590163934426
TCGA-B6-A0WY,TCGA-B6-A0WY-01,22.0,1:DECEASED,Invasive Breast Carcinoma,Female,176.0,-0.04573636363636364,39.0,26.0,0.2215909090909091,0.14772727272727273
TCGA-B6-A0WZ,TCGA-B6-A0WZ-01,50.0,0:LIVING,Invasive Breast Carcinoma,Female,62.0,-0.15164516129032257,14.0,11.0,0.22580645161290322,0.1774193548387097
TCGA-B6-A0X0,TCGA-B6-A0X0-01,14.0,1:DECEASED,Invasive Breast Carcinoma,Female,61.0,-0.41486721311475405,10.0,20.0,0.16393442622950818,0.32786885245901637
TCGA-B6-A0X1,TCGA-B6-A0X1-01,63.0,1:DECEASED,Invasive Breast Carcinoma,Female,722.0,0.04481814404432133,386.0,239.0,0.5346260387811634,0.33102493074792244
TCGA-B6-A0X4,TCGA-B6-A0X4-01,17.0,1:DECEASED,Invasive Breast Carcinoma,Female,56.0,-0.2166017857142857,4.0,12.0,0.07142857142857142,0.21428571428571427
TCGA-B6-A0X5,TCGA-B6-A0X5-01,31.0,1:DECEASED,Invasive Breast Carcinoma,Female,246.0,-0.29658577235772354,8.0,63.0,0.032520325203252036,0.25609756097560976
TCGA-B6-A0X7,TCGA-B6-A0X7-01,0.0,1:DECEASED,Invasive Breast Carcinoma,Female,125.0,-0.38151999999999997,27.0,47.0,0.216,0.376
TCGA-B6-A1KC,TCGA-B6-A1KC-01,0.0,0:LIVING,Invasive Breast Carcinoma,Female,225.0,-0.055677333333333336,85.0,68.0,0.37777777777777777,0.3022222222222222
TCGA-B6-A1KF,TCGA-B6-A1KF-01,43.0,0:LIVING,Invasive Breast Carcinoma,Female,254.0,0.0104515748031496,112.0,79.0,0.4409448818897638,0.3110236220472441
TCGA-B6-A1KI,TCGA-B6-A1KI-01,15.0,0:LIVING,Invasive Breast Carcinoma,Female,208.0,-0.11369663461538462,27.0,44.0,0.12980769230769232,0.21153846153846154
TCGA-B6-A1KN,TCGA-B6-A1KN-01,51.0,0:LIVING,Invasive Breast Carcinoma,Female,484.0,0.23092376033057851,195.0,103.0,0.40289256198347106,0.2128099173553719
TCGA-B6-A2IU,TCGA-B6-A2IU-01,35.0,0:LIVING,Invasive Breast Carcinoma,Female,254.0,-0.05780629921259842,45.0,45.0,0.17716535433070865,0.17716535433070865
TCGA-B6-A3ZX,TCGA-B6-A3ZX-01,0.0,1:DECEASED,Invasive Breast Carcinoma,Female,228.0,-0.0671109649122807,41.0,22.0,0.17982456140350878,0.09649122807017543
TCGA-B6-A400,TCGA-B6-A400-01,0.0,0:LIVING,Invasive Breast Carcinoma,Female,413.0,-0.07835932203389831,144.0,92.0,0.3486682808716707,0.22276029055690072
TCGA-B6-A401,TCGA-B6-A401-01,19.0,0:LIVING,Invasive Breast Carcinoma,Female,131.0,0.11977709923664122,56.0,26.0,0.42748091603053434,0.1984732824427481
TCGA-B6-A402,TCGA-B6-A402-01,0.0,0:LIVING,Invasive Breast Carcinoma,Female,505.0,0.019455247524752476,196.0,123.0,0.38811881188118813,0.24356435643564356
TCGA-B6-A408,TCGA-B6-A408-01,0.0,0:LIVING,Invasive Breast Carcinoma,Female,194.0,-0.06186288659793815,68.0,71.0,0.35051546391752575,0.36597938144329895
TCGA-B6-A409,TCGA-B6-A409-01,24.0,1:DECEASED,Invasive Breast Carcinoma,Female,322.0,-0.15494596273291927,83.0,127.0,0.2577639751552795,0.3944099378881988
TCGA-B6-A40B,TCGA-B6-A40B-01,0.0,0:LIVING,Invasive Breast Carcinoma,Female,140.0,-0.20902142857142855,19.0,42.0,0.1357142857142857,0.3
TCGA-B6-A40C,TCGA-B6-A40C-01,26.0,0:LIVING,Invasive Breast Carcinoma,Female,134.0,-0.15794328358208956,18.0,30.0,0.13432835820895522,0.22388059701492538
TCGA-BH-A0AU,TCGA-BH-A0AU-01,15.0,0:LIVING,Invasive Breast Carcinoma,Female,283.0,0.0786487632508834,131.0,83.0,0.4628975265017668,0.29328621908127206
TCGA-BH-A0AV,TCGA-BH-A0AV-01,50.0,0:LIVING,Invasive Breast Carcinoma,Female,380.0,-0.035698421052631574,132.0,131.0,0.3473684210526316,0.3447368421052632
TCGA-BH-A0AW,TCGA-BH-A0AW-01,122.0,0:LIVING,Invasive Breast Carcinoma,Female,437.0,0.07515629290617849,119.0,120.0,0.2723112128146453,0.2745995423340961
TCGA-BH-A0AY,TCGA-BH-A0AY-01,37.0,0:LIVING,Invasive Breast Carcinoma,Female,241.0,-0.054339834024896276,49.0,59.0,0.2033195020746888,0.24481327800829875
TCGA-BH-A0AZ,TCGA-BH-A0AZ-01,46.0,0:LIVING,Invasive Breast Carcinoma,Female,224.0,-0.11810491071428572,48.0,66.0,0.21428571428571427,0.29464285714285715
TCGA-BH-A0B0,TCGA-BH-A0B0-01,46.0,0:LIVING,Invasive Breast Carcinoma,Female,55.0,-0.28019090909090905,4.0,25.0,0.07272727272727272,0.45454545454545453
TCGA-BH-A0B1,TCGA-BH-A0B1-01,40.0,0:LIVING,Invasive Breast Carcinoma,Female,2285.0,-0.37860901531728663,303.0,1144.0,0.13260393873085338,0.5006564551422319
TCGA-BH-A0B2,TCGA-BH-A0B2-01,0.0,Unknown,Invasive Breast Carcinoma,Unknown,305.0,-0.06577999999999999,58.0,70.0,0.1901639344262295,0.22950819672131148
TCGA-BH-A0B3,TCGA-BH-A0B3-01,33.0,0:LIVING,Invasive Breast Carcinoma,Female,458.0,-0.03854126637554585,142.0,88.0,0.31004366812227074,0.19213973799126638
TCGA-BH-A0B4,TCGA-BH-A0B4-01,62.0,0:LIVING,Invasive Breast Carcinoma,Male,342.0,-0.1131111111111111,82.0,99.0,0.23976608187134502,0.2894736842105263
TCGA-BH-A0B5,TCGA-BH-A0B5-01,51.0,0:LIVING,Invasive Breast Carcinoma,Female,171.0,-0.143406432748538,45.0,37.0,0.2631578947368421,0.21637426900584794
TCGA-BH-A0B6,TCGA-BH-A0B6-01,582.0,0:LIVING,Invasive Breast Carcinoma,Female,367.0,0.006550681198910082,89.0,71.0,0.24250681198910082,0.19346049046321526
TCGA-BH-A0B7,TCGA-BH-A0B7-01,27.0,0:LIVING,Invasive Breast Carcinoma,Female,458.0,0.03675240174672489,108.0,59.0,0.23580786026200873,0.12882096069868995
TCGA-BH-A0B8,TCGA-BH-A0B8-01,45.0,0:LIVING,Invasive Breast Carcinoma,Female,2666.0,1.1420346961740435,1786.0,605.0,0.6699174793698425,0.22693173293323332
TCGA-BH-A0B9,TCGA-BH-A0B9-01,31.0,0:LIVING,Invasive Breast Carcinoma,Female,612.0,0.14243464052287583,231.0,117.0,0.37745098039215685,0.19117647058823528
TCGA-BH-A0BA,TCGA-BH-A0BA-01,30.0,0:LIVING,Invasive Breast Carcinoma,Female,646.0,0.026407120743034057,272.0,198.0,0.42105263157894735,0.3065015479876161
TCGA-BH-A0BC,TCGA-BH-A0BC-01,23.0,0:LIVING,Invasive Breast Carcinoma,Female,139.0,-0.0983,36.0,43.0,0.2589928057553957,0.30935251798561153
TCGA-BH-A0BD,TCGA-BH-A0BD-01,19.0,0:LIVING,Invasive Breast Carcinoma,Female,123.0,0.024826829268292674,35.0,37.0,0.2845528455284553,0.3008130081300813
TCGA-BH-A0BF,TCGA-BH-A0BF-01,21.0,1:DECEASED,Invasive Breast Carcinoma,Female,219.0,-0.07617579908675799,53.0,68.0,0.2420091324200913,0.3105022831050228
TCGA-BH-A0BG,TCGA-BH-A0BG-01,0.0,0:LIVING,Invasive Breast Carcinoma,Female,166.0,-0.13813554216867469,56.0,54.0,0.3373493975903614,0.3253012048192771
TCGA-BH-A0BJ,TCGA-BH-A0BJ-01,22.0,0:LIVING,Invasive Breast Carcinoma,Female,89.0,-0.14386404494382024,18.0,32.0,0.20224719101123595,0.3595505617977528
TCGA-BH-A0BL,TCGA-BH-A0BL-01,50.0,0:LIVING,Invasive Breast Carcinoma,Female,430.0,-0.05363162790697675,127.0,101.0,0.29534883720930233,0.23488372093023255
TCGA-BH-A0BM,TCGA-BH-A0BM-01,16.0,0:LIVING,Invasive Breast Carcinoma,Female,53.0,-0.26515849056603774,3.0,15.0,0.05660377358490566,0.2830188679245283
TCGA-BH-A0BO,TCGA-BH-A0BO-01,23.0,0:LIVING,Invasive Breast Carcinoma,Female,45.0,-0.21344222222222223,4.0,8.0,0.08888888888888889,0.17777777777777778
TCGA-BH-A0BP,TCGA-BH-A0BP-01,113.0,1:DECEASED,Invasive Breast Carcinoma,Female,864.0,0.037034722222222226,379.0,254.0,0.4386574074074074,0.29398148148148145
TCGA-BH-A0BQ,TCGA-BH-A0BQ-01,19.0,0:LIVING,Invasive Breast Carcinoma,Female,71.0,-0.5126098591549295,2.0,27.0,0.028169014084507043,0.38028169014084506
TCGA-BH-A0BR,TCGA-BH-A0BR-01,39.0,0:LIVING,Invasive Breast Carcinoma,Female,429.0,0.23526083916083917,200.0,113.0,0.4662004662004662,0.2634032634032634
TCGA-BH-A0BS,TCGA-BH-A0BS-01,11.0,0:LIVING,Invasive Breast Carcinoma,Female,86.0,-0.2733953488372093,11.0,26.0,0.12790697674418605,0.3023255813953488
TCGA-BH-A0BT,TCGA-BH-A0BT-01,30.0,0:LIVING,Invasive Breast Carcinoma,Female,221.0,-0.14210452488687783,87.0,55.0,0.3936651583710407,0.248868778280543
TCGA-BH-A0BV,TCGA-BH-A0BV-01,23.0,0:LIVING,Invasive Breast Carcinoma,Female,163.0,-0.09164294478527607,26.0,50.0,0.15950920245398773,0.3067484662576687
TCGA-BH-A0BW,TCGA-BH-A0BW-01,65.0,0:LIVING,Invasive Breast Carcinoma,Female,233.0,-0.19159957081545065,44.0,95.0,0.1888412017167382,0.40772532188841204
TCGA-BH-A0BZ,TCGA-BH-A0BZ-01,210.0,0:LIVING,Invasive Breast Carcinoma,Female,213.0,-0.35474413145539907,33.0,51.0,0.15492957746478872,0.23943661971830985
TCGA-BH-A0C0,TCGA-BH-A0C0-01,84.0,0:LIVING,Invasive Breast Carcinoma,Female,520.0,-0.030872692307692306,135.0,93.0,0.25961538461538464,0.17884615384615385
TCGA-BH-A0C1,TCGA-BH-A0C1-01,0.0,1:DECEASED,Invasive Breast Carcinoma,Female,,,,,,
TCGA-BH-A0C3,TCGA-BH-A0C3-01,10.0,0:LIVING,Invasive Breast Carcinoma,Female,97.0,0.31561134020618553,34.0,15.0,0.35051546391752575,0.15463917525773196
TCGA-BH-A0C7,TCGA-BH-A0C7-01,0.0,0:LIVING,Invasive Breast Carcinoma,Female,,,,,,
TCGA-BH-A0DD,TCGA-BH-A0DD-01,13.0,0:LIVING,Invasive Breast Carcinoma,Male,777.0,-0.012136679536679535,278.0,116.0,0.3577863577863578,0.1492921492921493
TCGA-BH-A0DE,TCGA-BH-A0DE-01,25.0,0:LIVING,Invasive Breast Carcinoma,Female,101.0,-0.17814950495049503,10.0,32.0,0.09900990099009901,0.31683168316831684
TCGA-BH-A0DG,TCGA-BH-A0DG-01,29.0,0:LIVING,Invasive Breast Carcinoma,Female,389.0,0.10208637532133676,169.0,96.0,0.43444730077120824,0.2467866323907455
TCGA-BH-A0DH,TCGA-BH-A0DH-01,34.0,0:LIVING,Invasive Breast Carcinoma,Female,111.0,-0.12918648648648648,12.0,34.0,0.10810810810810811,0.3063063063063063
TCGA-BH-A0DI,TCGA-BH-A0DI-01,32.0,0:LIVING,Invasive Breast Carcinoma,Female,358.0,0.16986340782122905,163.0,82.0,0.4553072625698324,0.22905027932960895
TCGA-BH-A0DK,TCGA-BH-A0DK-01,76.0,0:LIVING,Invasive Breast Carcinoma,Female,213.0,-0.07378544600938967,49.0,62.0,0.2300469483568075,0.29107981220657275
TCGA-BH-A0DL,TCGA-BH-A0DL-01,43.0,0:LIVING,Invasive Breast Carcinoma,Female,188.0,-0.06735585106382978,52.0,45.0,0.2765957446808511,0.2393617021276596
TCGA-BH-A0DO,TCGA-BH-A0DO-01,20.0,0:LIVING,Invasive Breast Carcinoma,Female,93.0,-0.21246559139784946,15.0,24.0,0.16129032258064516,0.25806451612903225
TCGA-BH-A0DP,TCGA-BH-A0DP-01,20.0,0:LIVING,Invasive Breast Carcinoma,Female,54.0,-0.24035000000000004,4.0,20.0,0.07407407407407407,0.37037037037037035
TCGA-BH-A0DQ,TCGA-BH-A0DQ-01,30.0,0:LIVING,Invasive Breast Carcinoma,Female,341.0,-0.15096070381231672,61.0,90.0,0.17888563049853373,0.26392961876832843
TCGA-BH-A0DS,TCGA-BH-A0DS-01,29.0,0:LIVING,Invasive Breast Carcinoma,Female,190.0,-0.043262631578947365,46.0,40.0,0.24210526315789474,0.21052631578947367
TCGA-BH-A0DT,TCGA-BH-A0DT-01,14.0,0:LIVING,Invasive Breast Carcinoma,Female,51.0,-0.2771607843137255,10.0,12.0,0.19607843137254902,0.23529411764705882
TCGA-BH-A0DV,TCGA-BH-A0DV-01,10.0,0:LIVING,Invasive Breast Carcinoma,Female,49.0,0.1575387755102041,9.0,5.0,0.1836734693877551,0.10204081632653061
TCGA-BH-A0DX,TCGA-BH-A0DX-01,56.0,0:LIVING,Invasive Breast Carcinoma,Female,200.0,0.001262,68.0,40.0,0.34,0.2
TCGA-BH-A0DZ,TCGA-BH-A0DZ-01,193.0,0:LIVING,Invasive Breast Carcinoma,Female,271.0,0.3616690036900369,124.0,49.0,0.4575645756457565,0.18081180811808117
TCGA-BH-A0E0,TCGA-BH-A0E0-01,28.0,0:LIVING,Invasive Breast Carcinoma,Female,215.0,-0.07568651162790697,84.0,92.0,0.39069767441860465,0.42790697674418604
TCGA-BH-A0E1,TCGA-BH-A0E1-01,22.0,0:LIVING,Invasive Breast Carcinoma,Female,112.0,-0.40569642857142857,7.0,32.0,0.0625,0.2857142857142857
TCGA-BH-A0E2,TCGA-BH-A0E2-01,34.0,0:LIVING,Invasive Breast Carcinoma,Female,733.0,0.031000545702592086,195.0,181.0,0.2660300136425648,0.24693042291950887
TCGA-BH-A0E6,TCGA-BH-A0E6-01,0.0,0:LIVING,Invasive Breast Carcinoma,Female,253.0,-0.19040553359683796,69.0,107.0,0.2727272727272727,0.42292490118577075
TCGA-BH-A0E7,TCGA-BH-A0E7-01,32.0,0:LIVING,Invasive Breast Carcinoma,Female,97.0,-0.2516,10.0,25.0,0.10309278350515463,0.25773195876288657
TCGA-BH-A0E9,TCGA-BH-A0E9-01,25.0,0:LIVING,Invasive Breast Carcinoma,Female,98.0,-0.1425469387755102,5.0,30.0,0.05102040816326531,0.30612244897959184
TCGA-BH-A0EA,TCGA-BH-A0EA-01,22.0,1:DECEASED,Invasive Breast Carcinoma,Female,59.0,-0.3554813559322034,3.0,18.0,0.05084745762711865,0.3050847457627119
TCGA-BH-A0EB,TCGA-BH-A0EB-01,33.0,0:LIVING,Invasive Breast Carcinoma,Female,112.0,-0.20990892857142857,22.0,27.0,0.19642857142857142,0.24107142857142858
TCGA-BH-A0EE,TCGA-BH-A0EE-01,99.0,0:LIVING,Invasive Breast Carcinoma,Female,330.0,0.061209999999999994,134.0,100.0,0.40606060606060607,0.30303030303030304
TCGA-BH-A0EI,TCGA-BH-A0EI-01,15.0,0:LIVING,Invasive Breast Carcinoma,Female,120.0,-0.28984916666666666,30.0,48.0,0.25,0.4
TCGA-BH-A0GY,TCGA-BH-A0GY-01,31.0,0:LIVING,Invasive Breast Carcinoma,Female,247.0,0.15853765182186236,103.0,54.0,0.41700404858299595,0.21862348178137653
TCGA-BH-A0GZ,TCGA-BH-A0GZ-01,27.0,0:LIVING,Invasive Breast Carcinoma,Female,198.0,-0.1593181818181818,21.0,75.0,0.10606060606060606,0.3787878787878788
TCGA-BH-A0H0,TCGA-BH-A0H0-01,13.0,0:LIVING,Invasive Breast Carcinoma,Female,130.0,-0.18471846153846155,24.0,45.0,0.18461538461538463,0.34615384615384615
TCGA-BH-A0H3,TCGA-BH-A0H3-01,13.0,0:LIVING,Invasive Breast Carcinoma,Female,66.0,-0.3103439393939394,8.0,19.0,0.12121212121212122,0.2878787878787879
TCGA-BH-A0H5,TCGA-BH-A0H5-01,0.0,0:LIVING,Invasive Breast Carcinoma,Female,63.0,-0.5736031746031746,1.0,18.0,0.015873015873015872,0.2857142857142857
TCGA-BH-A0H6,TCGA-BH-A0H6-01,16.0,0:LIVING,Invasive Breast Carcinoma,Female,149.0,-0.11335570469798659,21.0,27.0,0.14093959731543623,0.18120805369127516
TCGA-BH-A0H7,TCGA-BH-A0H7-01,44.0,0:LIVING,Invasive Breast Carcinoma,Female,763.0,0.03603840104849279,278.0,219.0,0.36435124508519,0.2870249017038008
TCGA-BH-A0H9,TCGA-BH-A0H9-01,35.0,0:LIVING,Invasive Breast Carcinoma,Female,311.0,0.3790614147909968,158.0,74.0,0.5080385852090032,0.2379421221864952
TCGA-BH-A0HA,TCGA-BH-A0HA-01,294.0,0:LIVING,Invasive Breast Carcinoma,Female,82.0,-0.2885329268292683,4.0,27.0,0.04878048780487805,0.32926829268292684
TCGA-BH-A0HB,TCGA-BH-A0HB-01,25.0,0:LIVING,Invasive Breast Carcinoma,Female,768.0,0.18474960937499998,329.0,154.0,0.4283854166666667,0.20052083333333334
TCGA-BH-A0HF,TCGA-BH-A0HF-01,745.0,0:LIVING,Invasive Breast Carcinoma,Female,2270.0,1.283149383259912,1080.0,133.0,0.47577092511013214,0.05859030837004405
TCGA-BH-A0HI,TCGA-BH-A0HI-01,25.0,0:LIVING,Invasive Breast Carcinoma,Female,100.0,-0.299636,5.0,34.0,0.05,0.34
TCGA-BH-A0HK,TCGA-BH-A0HK-01,77.0,0:LIVING,Invasive Breast Carcinoma,Female,206.0,-0.05238543689320388,23.0,28.0,0.11165048543689321,0.13592233009708737
TCGA-BH-A0HL,TCGA-BH-A0HL-01,22.0,0:LIVING,Invasive Breast Carcinoma,Female,6407.0,-0.29422174184485717,759.0,2939.0,0.11846417980334009,0.45871702825035116
TCGA-BH-A0HN,TCGA-BH-A0HN-01,22.0,0:LIVING,Invasive Breast Carcinoma,Female,8088.0,-0.3197931998021761,1728.0,3623.0,0.21364985163204747,0.4479475766567755
TCGA-BH-A0HO,TCGA-BH-A0HO-01,13.0,0:LIVING,Invasive Breast Carcinoma,Female,87.0,-0.25843908045977015,5.0,26.0,0.05747126436781609,0.2988505747126437
TCGA-BH-A0HP,TCGA-BH-A0HP-01,210.0,0:LIVING,Invasive Breast Carcinoma,Female,152.0,-0.19601776315789474,26.0,53.0,0.17105263157894737,0.34868421052631576
TCGA-BH-A0HQ,TCGA-BH-A0HQ-01,27.0,0:LIVING,Invasive Breast Carcinoma,Female,1702.0,1.308098472385429,903.0,91.0,0.5305522914218567,0.05346650998824912
TCGA-BH-A0HU,TCGA-BH-A0HU-01,29.0,0:LIVING,Invasive Breast Carcinoma,Female,195.0,0.0543574358974359,65.0,52.0,0.3333333333333333,0.26666666666666666
TCGA-BH-A0HW,TCGA-BH-A0HW-01,25.0,0:LIVING,Invasive Breast Carcinoma,Female,192.0,-0.17429322916666667,33.0,61.0,0.171875,0.3177083333333333
TCGA-BH-A0HX,TCGA-BH-A0HX-01,48.0,0:LIVING,Invasive Breast Carcinoma,Female,422.0,0.15927298578199053,202.0,105.0,0.4786729857819905,0.24881516587677724
TCGA-BH-A0HY,TCGA-BH-A0HY-01,43.0,0:LIVING,Invasive Breast Carcinoma,Female,585.0,0.12482495726495726,288.0,164.0,0.49230769230769234,0.28034188034188035
TCGA-BH-A0RX,TCGA-BH-A0RX-01,30.0,0:LIVING,Invasive Breast Carcinoma,Female,220.0,-0.1360472727272727,37.0,32.0,0.16818181818181818,0.14545454545454545
TCGA-BH-A0W3,TCGA-BH-A0W3-01,10.0,0:LIVING,Invasive Breast Carcinoma,Female,229.0,0.013899999999999997,61.0,48.0,0.2663755458515284,0.2096069868995633
TCGA-BH-A0W4,TCGA-BH-A0W4-01,27.0,0:LIVING,Invasive Breast Carcinoma,Female,63.0,-0.2014190476190476,4.0,16.0,0.06349206349206349,0.25396825396825395
TCGA-BH-A0W5,TCGA-BH-A0W5-01,25.0,0:LIVING,Invasive Breast Carcinoma,Female,45.0,-0.1566,5.0,11.0,0.1111111111111111,0.24444444444444444
TCGA-BH-A0W7,TCGA-BH-A0W7-01,138.0,0:LIVING,Invasive Breast Carcinoma,Female,151.0,-0.05738609271523179,59.0,41.0,0.39072847682119205,0.271523178807947
TCGA-BH-A0WA,TCGA-BH-A0WA-01,85.0,0:LIVING,Invasive Breast Carcinoma,Female,375.0,0.13189306666666667,166.0,92.0,0.44266666666666665,0.24533333333333332
TCGA-BH-A18F,TCGA-BH-A18F-01,37.0,0:LIVING,Invasive Breast Carcinoma,Female,96.0,-0.19138645833333334,18.0,30.0,0.1875,0.3125
TCGA-BH-A18G,TCGA-BH-A18G-01,1142.0,0:LIVING,Invasive Breast Carcinoma,Female,50.0,-0.293858,6.0,13.0,0.12,0.26
TCGA-BH-A18H,TCGA-BH-A18H-01,35.0,0:LIVING,Invasive Breast Carcinoma,Female,260.0,0.19723307692307693,88.0,50.0,0.3384615384615385,0.19230769230769232
TCGA-BH-A18I,TCGA-BH-A18I-01,20.0,0:LIVING,Invasive Breast Carcinoma,Female,186.0,0.0944231182795699,47.0,40.0,0.25268817204301075,0.21505376344086022
TCGA-BH-A18J,TCGA-BH-A18J-01,58.0,1:DECEASED,Invasive Breast Carcinoma,Female,458.0,0.16021572052401747,190.0,121.0,0.4148471615720524,0.26419213973799127
TCGA-BH-A18K,TCGA-BH-A18K-01,40.0,1:DECEASED,Invasive Breast Carcinoma,Female,199.0,0.0063949748743718695,85.0,62.0,0.4271356783919598,0.31155778894472363
TCGA-BH-A18L,TCGA-BH-A18L-01,34.0,1:DECEASED,Invasive Breast Carcinoma,Female,320.0,0.07400999999999999,111.0,101.0,0.346875,0.315625
TCGA-BH-A18M,TCGA-BH-A18M-01,11.0,1:DECEASED,Invasive Breast Carcinoma,Female,68.0,-0.2977882352941177,12.0,20.0,0.17647058823529413,0.29411764705882354
TCGA-BH-A18N,TCGA-BH-A18N-01,28.0,1:DECEASED,Invasive Breast Carcinoma,Female,199.0,-0.19582964824120605,36.0,56.0,0.18090452261306533,0.2814070351758794
TCGA-BH-A18P,TCGA-BH-A18P-01,239.0,1:DECEASED,Invasive Breast Carcinoma,Female,124.0,-0.008266129032258063,27.0,30.0,0.21774193548387097,0.24193548387096775
TCGA-BH-A18Q,TCGA-BH-A18Q-01,64.0,1:DECEASED,Invasive Breast Carcinoma,Female,298.0,-0.09535906040268456,121.0,111.0,0.40604026845637586,0.3724832214765101
TCGA-BH-A18R,TCGA-BH-A18R-01,20.0,1:DECEASED,Invasive Breast Carcinoma,Female,423.0,0.20902978723404256,210.0,81.0,0.49645390070921985,0.19148936170212766
TCGA-BH-A18S,TCGA-BH-A18S-01,22.0,1:DECEASED,Invasive Breast Carcinoma,Female,359.0,-0.2715325905292479,36.0,100.0,0.10027855153203342,0.2785515320334262
TCGA-BH-A18T,TCGA-BH-A18T-01,65.0,1:DECEASED,Invasive Breast Carcinoma,Female,826.0,0.1598319612590799,433.0,228.0,0.5242130750605327,0.27602905569007263
TCGA-BH-A18U,TCGA-BH-A18U-01,102.0,1:DECEASED,Invasive Breast Carcinoma,Female,1259.0,0.12571461477362986,546.0,297.0,0.43367752184273234,0.23590150913423352
TCGA-BH-A18V,TCGA-BH-A18V-01,155.0,1:DECEASED,Invasive Breast Carcinoma,Female,938.0,0.14865127931769723,508.0,226.0,0.5415778251599147,0.24093816631130063
TCGA-BH-A18V,TCGA-BH-A18V-06,180.0,1:DECEASED,Invasive Breast Carcinoma,Female,784.0,0.11115867346938775,266.0,218.0,0.3392857142857143,0.2780612244897959
TCGA-BH-A1EN,TCGA-BH-A1EN-01,48.0,1:DECEASED,Invasive Breast Carcinoma,Female,278.0,0.05939640287769784,124.0,107.0,0.4460431654676259,0.38489208633093525
TCGA-BH-A1EO,TCGA-BH-A1EO-01,32.0,1:DECEASED,Invasive Breast Carcinoma,Female,304.0,0.11756249999999999,75.0,80.0,0.24671052631578946,0.2631578947368421
TCGA-BH-A1ES,TCGA-BH-A1ES-01,18.0,1:DECEASED,Invasive Breast Carcinoma,Female,333.0,0.02177027027027027,85.0,100.0,0.2552552552552553,0.3003003003003003
TCGA-BH-A1ES,TCGA-BH-A1ES-06,0.0,1:DECEASED,Invasive Breast Carcinoma,Female,249.0,0.014128112449799198,112.0,81.0,0.4497991967871486,0.3253012048192771
TCGA-BH-A1ET,TCGA-BH-A1ET-01,18.0,1:DECEASED,Invasive Breast Carcinoma,Female,98.0,-0.2452387755102041,19.0,38.0,0.19387755102040816,0.3877551020408163
TCGA-BH-A1EU,TCGA-BH-A1EU-01,18.0,1:DECEASED,Invasive Breast Carcinoma,Female,174.0,-0.18039080459770115,27.0,34.0,0.15517241379310345,0.19540229885057472
TCGA-BH-A1EV,TCGA-BH-A1EV-01,73.0,1:DECEASED,Invasive Breast Carcinoma,Female,936.0,0.19154690170940172,391.0,169.0,0.41773504273504275,0.18055555555555555
TCGA-BH-A1EW,TCGA-BH-A1EW-01,10.0,1:DECEASED,Invasive Breast Carcinoma,Female,337.0,0.14486053412462907,110.0,68.0,0.3264094955489614,0.20178041543026706
TCGA-BH-A1EX,TCGA-BH-A1EX-01,15.0,1:DECEASED,Invasive Breast Carcinoma,Female,81.0,-0.1857753086419753,21.0,18.0,0.25925925925925924,0.2222222222222222
TCGA-BH-A1EY,TCGA-BH-A1EY-01,30.0,1:DECEASED,Invasive Breast Carcinoma,Female,373.0,0.19264101876675604,141.0,119.0,0.3780160857908847,0.3190348525469169
TCGA-BH-A1F0,TCGA-BH-A1F0-01,41.0,1:DECEASED,Invasive Breast Carcinoma,Female,434.0,0.014344700460829491,86.0,32.0,0.19815668202764977,0.07373271889400922
TCGA-BH-A1F2,TCGA-BH-A1F2-01,37.0,1:DECEASED,Invasive Breast Carcinoma,Female,233.0,0.006529184549356219,103.0,72.0,0.44206008583690987,0.3090128755364807
TCGA-BH-A1F5,TCGA-BH-A1F5-01,21.0,1:DECEASED,Invasive Breast Carcinoma,Female,128.0,-0.77654765625,11.0,57.0,0.0859375,0.4453125
TCGA-BH-A1F6,TCGA-BH-A1F6-01,23.0,1:DECEASED,Invasive Breast Carcinoma,Female,574.0,0.1821280487804878,289.0,131.0,0.5034843205574913,0.22822299651567945
TCGA-BH-A1F8,TCGA-BH-A1F8-01,115.0,1:DECEASED,Invasive Breast Carcinoma,Female,302.0,0.08003278145695365,197.0,100.0,0.652317880794702,0.33112582781456956
TCGA-BH-A1FB,TCGA-BH-A1FB-01,0.0,1:DECEASED,Invasive Breast Carcinoma,Female,55.0,-0.5192654545454546,3.0,13.0,0.05454545454545454,0.23636363636363636
TCGA-BH-A1FC,TCGA-BH-A1FC-01,86.0,1:DECEASED,Invasive Breast Carcinoma,Female,581.0,-0.010891222030981064,203.0,141.0,0.3493975903614458,0.24268502581755594
TCGA-BH-A1FD,TCGA-BH-A1FD-01,23.0,1:DECEASED,Invasive Breast Carcinoma,Female,736.0,0.09625529891304349,320.0,195.0,0.43478260869565216,0.264945652173913
TCGA-BH-A1FE,TCGA-BH-A1FE-01,14.0,1:DECEASED,Invasive Breast Carcinoma,Female,454.0,0.22718480176211456,202.0,51.0,0.44493392070484583,0.11233480176211454
TCGA-BH-A1FE,TCGA-BH-A1FE-06,1.0,1:DECEASED,Invasive Breast Carcinoma,Female,49.0,-0.2593102040816327,1.0,12.0,0.02040816326530612,0.24489795918367346
TCGA-BH-A1FG,TCGA-BH-A1FG-01,17.0,1:DECEASED,Invasive Breast Carcinoma,Female,108.0,-0.1446462962962963,24.0,31.0,0.2222222222222222,0.28703703703703703
TCGA-BH-A1FH,TCGA-BH-A1FH-01,14.0,1:DECEASED,Invasive Breast Carcinoma,Female,286.0,0.1949076923076923,116.0,20.0,0.40559440559440557,0.06993006993006994
TCGA-BH-A1FJ,TCGA-BH-A1FJ-01,20.0,1:DECEASED,Invasive Breast Carcinoma,Female,386.0,-0.24567746113989639,24.0,82.0,0.06217616580310881,0.21243523316062177
TCGA-BH-A1FL,TCGA-BH-A1FL-01,17.0,1:DECEASED,Invasive Breast Carcinoma,Female,117.0,-0.31593589743589745,14.0,40.0,0.11965811965811966,0.3418803418803419
TCGA-BH-A1FM,TCGA-BH-A1FM-01,47.0,1:DECEASED,Invasive Breast Carcinoma,Female,730.0,0.23420287671232876,391.0,149.0,0.5356164383561643,0.20410958904109588
TCGA-BH-A1FN,TCGA-BH-A1FN-01,87.0,1:DECEASED,Invasive Breast Carcinoma,Female,936.0,0.05821143162393162,363.0,245.0,0.38782051282051283,0.26175213675213677
TCGA-BH-A1FR,TCGA-BH-A1FR-01,11.0,1:DECEASED,Invasive Breast Carcinoma,Female,85.0,-0.3651305882352941,3.0,28.0,0.03529411764705882,0.32941176470588235
TCGA-BH-A1FU,TCGA-BH-A1FU-01,54.0,1:DECEASED,Invasive Breast Carcinoma,Female,228.0,0.009257456140350876,42.0,27.0,0.18421052631578946,0.11842105263157894
TCGA-BH-A201,TCGA-BH-A201-01,15.0,0:LIVING,Invasive Breast Carcinoma,Female,139.0,0.3486280575539568,61.0,26.0,0.43884892086330934,0.18705035971223022
TCGA-BH-A202,TCGA-BH-A202-01,25.0,0:LIVING,Invasive Breast Carcinoma,Female,151.0,0.2054933774834437,52.0,33.0,0.3443708609271523,0.2185430463576159
TCGA-BH-A203,TCGA-BH-A203-01,49.0,1:DECEASED,Invasive Breast Carcinoma,Female,722.0,0.30033891966759,380.0,103.0,0.5263157894736842,0.14265927977839335
TCGA-BH-A204,TCGA-BH-A204-01,29.0,1:DECEASED,Invasive Breast Carcinoma,Female,428.0,0.04221845794392524,80.0,80.0,0.18691588785046728,0.18691588785046728
TCGA-BH-A208,TCGA-BH-A208-01,50.0,1:DECEASED,Invasive Breast Carcinoma,Female,222.0,0.12654054054054056,77.0,34.0,0.34684684684684686,0.15315315315315314
TCGA-BH-A209,TCGA-BH-A209-01,68.0,1:DECEASED,Invasive Breast Carcinoma,Female,431.0,0.05852505800464037,173.0,99.0,0.4013921113689095,0.2296983758700696
TCGA-BH-A28O,TCGA-BH-A28O-01,0.0,0:LIVING,Invasive Breast Carcinoma,Female,50.0,-0.152552,4.0,8.0,0.08,0.16
TCGA-BH-A28Q,TCGA-BH-A28Q-01,17.0,0:LIVING,Invasive Breast Carcinoma,Female,233.0,-0.06975364806866952,32.0,50.0,0.13733905579399142,0.2145922746781116
TCGA-BH-A2L8,TCGA-BH-A2L8-01,357.0,0:LIVING,Invasive Breast Carcinoma,Female,38.0,-0.12976315789473683,4.0,8.0,0.10526315789473684,0.21052631578947367
TCGA-BH-A42T,TCGA-BH-A42T-01,0.0,1:DECEASED,Invasive Breast Carcinoma,Female,328.0,-0.08258628048780488,65.0,105.0,0.19817073170731708,0.3201219512195122
TCGA-BH-A42U,TCGA-BH-A42U-01,11.0,0:LIVING,Invasive Breast Carcinoma,Female,90.0,-0.40996111111111116,1.0,27.0,0.011111111111111112,0.3
TCGA-BH-A42V,TCGA-BH-A42V-01,30.0,0:LIVING,Invasive Breast Carcinoma,Female,104.0,-0.21309423076923076,10.0,36.0,0.09615384615384616,0.34615384615384615
TCGA-BH-A5IZ,TCGA-BH-A5IZ-01,55.0,0:LIVING,Invasive Breast Carcinoma,Female,397.0,0.033808312342569265,188.0,114.0,0.473551637279597,0.2871536523929471
TCGA-BH-A5J0,TCGA-BH-A5J0-01,54.0,0:LIVING,Invasive Breast Carcinoma,Female,403.0,-0.16196873449131513,148.0,157.0,0.36724565756823824,0.38957816377171217
TCGA-BH-A6R8,TCGA-BH-A6R8-01,23.0,0:LIVING,Invasive Breast Carcinoma,Female,209.0,-0.062474641148325356,82.0,39.0,0.3923444976076555,0.18660287081339713
TCGA-BH-A6R9,TCGA-BH-A6R9-01,7.0,0:LIVING,Invasive Breast Carcinoma,Female,75.0,-0.17978533333333332,2.0,12.0,0.02666666666666667,0.16
TCGA-BH-A8FY,TCGA-BH-A8FY-01,34.0,1:DECEASED,Invasive Breast Carcinoma,Female,118.0,0.023782203389830503,38.0,22.0,0.3220338983050847,0.1864406779661017
TCGA-BH-A8FZ,TCGA-BH-A8FZ-01,54.0,0:LIVING,Invasive Breast Carcinoma,Female,126.0,0.054288888888888887,29.0,28.0,0.23015873015873015,0.2222222222222222
TCGA-BH-A8G0,TCGA-BH-A8G0-01,8.0,0:LIVING,Invasive Breast Carcinoma,Female,57.0,-0.14787368421052632,2.0,13.0,0.03508771929824561,0.22807017543859648
TCGA-BH-AB28,TCGA-BH-AB28-01,22.0,0:LIVING,Invasive Breast Carcinoma,Female,94.0,-0.08576914893617021,7.0,17.0,0.07446808510638298,0.18085106382978725
TCGA-C8-A12K,TCGA-C8-A12K-01,104.0,0:LIVING,Invasive Breast Carcinoma,Female,433.0,-0.04332378752886836,147.0,117.0,0.3394919168591224,0.2702078521939954
TCGA-C8-A12L,TCGA-C8-A12L-01,59.0,0:LIVING,Invasive Breast Carcinoma,Female,631.0,0.06027353407290016,294.0,173.0,0.4659270998415214,0.27416798732171155
TCGA-C8-A12M,TCGA-C8-A12M-01,47.0,0:LIVING,Invasive Breast Carcinoma,Female,668.0,0.3400058383233533,383.0,148.0,0.5733532934131736,0.2215568862275449
TCGA-C8-A12N,TCGA-C8-A12N-01,13.0,0:LIVING,Invasive Breast Carcinoma,Female,55.0,-0.3570690909090909,5.0,16.0,0.09090909090909091,0.2909090909090909
TCGA-C8-A12O,TCGA-C8-A12O-01,27.0,0:LIVING,Invasive Breast Carcinoma,Female,313.0,0.05968370607028754,94.0,75.0,0.3003194888178914,0.23961661341853036
TCGA-C8-A12P,TCGA-C8-A12P-01,127.0,0:LIVING,Invasive Breast Carcinoma,Female,973.0,0.21462990750256938,371.0,152.0,0.381294964028777,0.15621788283658788
TCGA-C8-A12Q,TCGA-C8-A12Q-01,83.0,1:DECEASED,Invasive Breast Carcinoma,Female,554.0,0.13347490974729243,271.0,105.0,0.4891696750902527,0.18953068592057762
TCGA-C8-A12T,TCGA-C8-A12T-01,129.0,0:LIVING,Invasive Breast Carcinoma,Female,286.0,0.11990069930069931,99.0,84.0,0.34615384615384615,0.2937062937062937
TCGA-C8-A12U,TCGA-C8-A12U-01,34.0,0:LIVING,Invasive Breast Carcinoma,Female,686.0,0.36918877551020407,401.0,149.0,0.5845481049562682,0.21720116618075802
TCGA-C8-A12V,TCGA-C8-A12V-01,36.0,0:LIVING,Invasive Breast Carcinoma,Female,189.0,-0.10867724867724868,22.0,19.0,0.1164021164021164,0.10052910052910052
TCGA-C8-A12W,TCGA-C8-A12W-01,43.0,0:LIVING,Invasive Breast Carcinoma,Female,431.0,0.1432044083526682,175.0,86.0,0.4060324825986079,0.19953596287703015
TCGA-C8-A12X,TCGA-C8-A12X-01,37.0,0:LIVING,Invasive Breast Carcinoma,Female,151.0,0.18163774834437085,62.0,44.0,0.4105960264900662,0.2913907284768212
TCGA-C8-A12Y,TCGA-C8-A12Y-01,29.0,0:LIVING,Invasive Breast Carcinoma,Female,256.0,0.07205546874999999,95.0,63.0,0.37109375,0.24609375
TCGA-C8-A12Z,TCGA-C8-A12Z-01,41.0,0:LIVING,Invasive Breast Carcinoma,Female,414.0,0.15588502415458938,150.0,81.0,0.36231884057971014,0.1956521739130435
TCGA-C8-A130,TCGA-C8-A130-01,31.0,0:LIVING,Invasive Breast Carcinoma,Female,946.0,0.22296585623678647,444.0,181.0,0.4693446088794926,0.19133192389006343
TCGA-C8-A131,TCGA-C8-A131-01,48.0,0:LIVING,Invasive Breast Carcinoma,Female,220.0,-0.02199227272727273,62.0,28.0,0.2818181818181818,0.12727272727272726
TCGA-C8-A132,TCGA-C8-A132-01,52.0,0:LIVING,Invasive Breast Carcinoma,Female,348.0,0.0904844827586207,94.0,75.0,0.27011494252873564,0.21551724137931033
TCGA-C8-A133,TCGA-C8-A133-01,23.0,0:LIVING,Invasive Breast Carcinoma,Female,80.0,-0.059672499999999996,16.0,11.0,0.2,0.1375
TCGA-C8-A134,TCGA-C8-A134-01,76.0,0:LIVING,Invasive Breast Carcinoma,Female,401.0,-0.09878927680798005,104.0,124.0,0.2593516209476309,0.3092269326683292
TCGA-C8-A135,TCGA-C8-A135-01,48.0,0:LIVING,Invasive Breast Carcinoma,Female,352.0,0.18630312499999999,161.0,61.0,0.45738636363636365,0.17329545454545456
TCGA-C8-A137,TCGA-C8-A137-01,36.0,0:LIVING,Invasive Breast Carcinoma,Female,430.0,0.3273523255813954,188.0,83.0,0.4372093023255814,0.1930232558139535
TCGA-C8-A138,TCGA-C8-A138-01,33.0,0:LIVING,Invasive Breast Carcinoma,Female,323.0,0.01026284829721362,106.0,88.0,0.3281733746130031,0.2724458204334365
TCGA-C8-A1HE,TCGA-C8-A1HE-01,32.0,0:LIVING,Invasive Breast Carcinoma,Female,122.0,-0.14683032786885244,16.0,30.0,0.13114754098360656,0.2459016393442623
TCGA-C8-A1HF,TCGA-C8-A1HF-01,25.0,0:LIVING,Invasive Breast Carcinoma,Female,236.0,-0.07361779661016948,40.0,82.0,0.1694915254237288,0.3474576271186441
TCGA-C8-A1HG,TCGA-C8-A1HG-01,33.0,0:LIVING,Invasive Breast Carcinoma,Female,571.0,0.1187859894921191,221.0,118.0,0.38704028021015763,0.20665499124343256
TCGA-C8-A1HI,TCGA-C8-A1HI-01,38.0,0:LIVING,Invasive Breast Carcinoma,Female,338.0,0.3244772189349112,185.0,46.0,0.5473372781065089,0.13609467455621302
TCGA-C8-A1HJ,TCGA-C8-A1HJ-01,88.0,0:LIVING,Invasive Breast Carcinoma,Female,596.0,-0.0726234899328859,177.0,194.0,0.29697986577181207,0.32550335570469796
TCGA-C8-A1HK,TCGA-C8-A1HK-01,49.0,0:LIVING,Invasive Breast Carcinoma,Female,596.0,0.025214765100671138,248.0,144.0,0.4161073825503356,0.24161073825503357
TCGA-C8-A1HL,TCGA-C8-A1HL-01,21.0,0:LIVING,Invasive Breast Carcinoma,Female,523.0,0.03867724665391969,111.0,100.0,0.21223709369024857,0.19120458891013384
TCGA-C8-A1HM,TCGA-C8-A1HM-01,272.0,0:LIVING,Invasive Breast Carcinoma,Female,409.0,0.13520464547677263,184.0,88.0,0.44987775061124696,0.21515892420537897
TCGA-C8-A1HN,TCGA-C8-A1HN-01,40.0,0:LIVING,Invasive Breast Carcinoma,Female,902.0,0.24920166297117516,460.0,185.0,0.5099778270509978,0.20509977827050999
TCGA-C8-A1HO,TCGA-C8-A1HO-01,22.0,0:LIVING,Invasive Breast Carcinoma,Female,294.0,0.22332210884353743,143.0,79.0,0.48639455782312924,0.2687074829931973
TCGA-C8-A26V,TCGA-C8-A26V-01,60.0,0:LIVING,Invasive Breast Carcinoma,Female,165.0,-0.19927575757575755,18.0,53.0,0.10909090909090909,0.3212121212121212
TCGA-C8-A26W,TCGA-C8-A26W-01,41.0,0:LIVING,Invasive Breast Carcinoma,Female,362.0,0.08598232044198895,121.0,97.0,0.3342541436464088,0.26795580110497236
TCGA-C8-A26X,TCGA-C8-A26X-01,57.0,0:LIVING,Invasive Breast Carcinoma,Female,353.0,0.07746770538243626,130.0,65.0,0.36827195467422097,0.18413597733711048
TCGA-C8-A26Y,TCGA-C8-A26Y-01,566.0,0:LIVING,Invasive Breast Carcinoma,Female,417.0,0.07946019184652278,181.0,108.0,0.434052757793765,0.2589928057553957
TCGA-C8-A26Z,TCGA-C8-A26Z-01,36.0,0:LIVING,Invasive Breast Carcinoma,Female,378.0,-0.20362354497354498,122.0,124.0,0.32275132275132273,0.328042328042328
TCGA-C8-A273,TCGA-C8-A273-01,14.0,0:LIVING,Invasive Breast Carcinoma,Female,380.0,0.29895105263157895,177.0,55.0,0.46578947368421053,0.14473684210526316
TCGA-C8-A274,TCGA-C8-A274-01,153.0,0:LIVING,Invasive Breast Carcinoma,Female,121.0,-0.13307603305785123,34.0,41.0,0.2809917355371901,0.33884297520661155
TCGA-C8-A275,TCGA-C8-A275-01,93.0,0:LIVING,Invasive Breast Carcinoma,Female,283.0,0.3331982332155477,137.0,41.0,0.4840989399293286,0.14487632508833923
TCGA-C8-A278,TCGA-C8-A278-01,30.0,0:LIVING,Invasive Breast Carcinoma,Female,340.0,0.14055441176470587,142.0,29.0,0.4176470588235294,0.08529411764705883
TCGA-C8-A27A,TCGA-C8-A27A-01,18.0,0:LIVING,Invasive Breast Carcinoma,Female,1034.0,0.14037001934235976,369.0,220.0,0.3568665377176016,0.2127659574468085
TCGA-C8-A27B,TCGA-C8-A27B-01,126.0,0:LIVING,Invasive Breast Carcinoma,Female,406.0,-0.0005630541871921183,139.0,149.0,0.34236453201970446,0.3669950738916256
TCGA-C8-A3M7,TCGA-C8-A3M7-01,0.0,1:DECEASED,Invasive Breast Carcinoma,Female,145.0,-0.08708896551724138,21.0,40.0,0.14482758620689656,0.27586206896551724
TCGA-C8-A3M8,TCGA-C8-A3M8-01,0.0,0:LIVING,Invasive Breast Carcinoma,Female,233.0,0.06090772532188841,79.0,46.0,0.33905579399141633,0.19742489270386265
TCGA-C8-A8HP,TCGA-C8-A8HP-01,114.0,0:LIVING,Invasive Breast Carcinoma,Female,373.0,0.08803994638069705,108.0,37.0,0.289544235924933,0.09919571045576407
TCGA-C8-A8HQ,TCGA-C8-A8HQ-01,190.0,0:LIVING,Invasive Breast Carcinoma,Female,285.0,-0.08767964912280701,23.0,81.0,0.08070175438596491,0.28421052631578947
TCGA-C8-A8HR,TCGA-C8-A8HR-01,29.0,0:LIVING,Invasive Breast Carcinoma,Female,171.0,-0.06634035087719299,21.0,21.0,0.12280701754385964,0.12280701754385964
TCGA-C8-A9FZ,TCGA-C8-A9FZ-01,16.0,0:LIVING,Invasive Breast Carcinoma,Female,532.0,-0.0017548872180451166,204.0,134.0,0.38345864661654133,0.2518796992481203
TCGA-D8-A13Y,TCGA-D8-A13Y-01,59.0,0:LIVING,Invasive Breast Carcinoma,Female,371.0,-0.006911859838274927,237.0,120.0,0.6388140161725068,0.32345013477088946
TCGA-D8-A13Z,TCGA-D8-A13Z-01,74.0,0:LIVING,Invasive Breast Carcinoma,Female,493.0,0.25791643002028397,260.0,81.0,0.5273833671399595,0.1643002028397566
TCGA-D8-A140,TCGA-D8-A140-01,84.0,0:LIVING,Invasive Breast Carcinoma,Female,673.0,0.13076419019316493,286.0,99.0,0.424962852897474,0.14710252600297177
TCGA-D8-A141,TCGA-D8-A141-01,15.0,0:LIVING,Invasive Breast Carcinoma,Female,39.0,-0.15224871794871797,3.0,6.0,0.07692307692307693,0.15384615384615385
TCGA-D8-A142,TCGA-D8-A142-01,92.0,0:LIVING,Invasive Breast Carcinoma,Female,498.0,0.1064004016064257,204.0,147.0,0.40963855421686746,0.29518072289156627
TCGA-D8-A143,TCGA-D8-A143-01,42.0,0:LIVING,Invasive Breast Carcinoma,Female,371.0,0.07366711590296496,152.0,86.0,0.40970350404312667,0.23180592991913745
TCGA-D8-A145,TCGA-D8-A145-01,35.0,0:LIVING,Invasive Breast Carcinoma,Female,84.0,-0.27732380952380953,6.0,24.0,0.07142857142857142,0.2857142857142857
TCGA-D8-A146,TCGA-D8-A146-01,29.0,0:LIVING,Invasive Breast Carcinoma,Female,63.0,-0.2571253968253968,5.0,20.0,0.07936507936507936,0.31746031746031744
TCGA-D8-A147,TCGA-D8-A147-01,133.0,0:LIVING,Invasive Breast Carcinoma,Female,428.0,-0.010474766355140191,174.0,112.0,0.40654205607476634,0.2616822429906542
TCGA-D8-A1J8,TCGA-D8-A1J8-01,616.0,0:LIVING,Invasive Breast Carcinoma,Female,99.0,-0.16332323232323231,58.0,35.0,0.5858585858585859,0.35353535353535354
TCGA-D8-A1J9,TCGA-D8-A1J9-01,147.0,0:LIVING,Invasive Breast Carcinoma,Female,471.0,0.11727324840764332,158.0,111.0,0.3354564755838641,0.2356687898089172
TCGA-D8-A1JA,TCGA-D8-A1JA-01,702.0,0:LIVING,Invasive Breast Carcinoma,Female,368.0,0.057026630434782614,104.0,103.0,0.2826086956521739,0.2798913043478261
TCGA-D8-A1JB,TCGA-D8-A1JB-01,30.0,0:LIVING,Invasive Breast Carcinoma,Female,201.0,-0.0457134328358209,38.0,23.0,0.1890547263681592,0.11442786069651742
TCGA-D8-A1JC,TCGA-D8-A1JC-01,75.0,0:LIVING,Invasive Breast Carcinoma,Female,367.0,0.20466675749318802,128.0,77.0,0.34877384196185285,0.2098092643051771
TCGA-D8-A1JD,TCGA-D8-A1JD-01,79.0,0:LIVING,Invasive Breast Carcinoma,Female,344.0,-0.10791250000000001,102.0,113.0,0.29651162790697677,0.32848837209302323
TCGA-D8-A1JE,TCGA-D8-A1JE-01,27.0,0:LIVING,Invasive Breast Carcinoma,Female,191.0,-0.015840314136125654,66.0,66.0,0.34554973821989526,0.34554973821989526
TCGA-D8-A1JF,TCGA-D8-A1JF-01,38.0,0:LIVING,Invasive Breast Carcinoma,Female,221.0,-0.10369049773755656,60.0,63.0,0.27149321266968324,0.2850678733031674
TCGA-D8-A1JG,TCGA-D8-A1JG-01,103.0,0:LIVING,Invasive Breast Carcinoma,Female,323.0,0.2118328173374613,161.0,43.0,0.4984520123839009,0.13312693498452013
TCGA-D8-A1JH,TCGA-D8-A1JH-01,17.0,0:LIVING,Invasive Breast Carcinoma,Female,72.0,-0.3457472222222222,4.0,19.0,0.05555555555555555,0.2638888888888889
TCGA-D8-A1JI,TCGA-D8-A1JI-01,24.0,0:LIVING,Invasive Breast Carcinoma,Female,338.0,-0.005071301775147932,121.0,74.0,0.35798816568047337,0.21893491124260356
TCGA-D8-A1JJ,TCGA-D8-A1JJ-01,53.0,0:LIVING,Invasive Breast Carcinoma,Female,383.0,0.023203133159268932,119.0,77.0,0.31070496083550914,0.2010443864229765
TCGA-D8-A1JK,TCGA-D8-A1JK-01,168.0,0:LIVING,Invasive Breast Carcinoma,Female,623.0,0.08870626003210273,252.0,139.0,0.4044943820224719,0.2231139646869984
TCGA-D8-A1JL,TCGA-D8-A1JL-01,83.0,0:LIVING,Invasive Breast Carcinoma,Female,387.0,0.10059147286821706,121.0,64.0,0.31266149870801035,0.165374677002584
TCGA-D8-A1JM,TCGA-D8-A1JM-01,28.0,0:LIVING,Invasive Breast Carcinoma,Female,384.0,0.04920911458333333,194.0,116.0,0.5052083333333334,0.3020833333333333
TCGA-D8-A1JN,TCGA-D8-A1JN-01,116.0,0:LIVING,Invasive Breast Carcinoma,Female,240.0,-0.15037375,16.0,40.0,0.06666666666666667,0.16666666666666666
TCGA-D8-A1JP,TCGA-D8-A1JP-01,94.0,0:LIVING,Invasive Breast Carcinoma,Female,441.0,-0.006905215419501134,117.0,108.0,0.2653061224489796,0.24489795918367346
TCGA-D8-A1JS,TCGA-D8-A1JS-01,16.0,0:LIVING,Invasive Breast Carcinoma,Female,64.0,-0.540809375,4.0,18.0,0.0625,0.28125
TCGA-D8-A1JT,TCGA-D8-A1JT-01,24.0,0:LIVING,Invasive Breast Carcinoma,Female,145.0,0.06374275862068965,69.0,21.0,0.47586206896551725,0.14482758620689656
TCGA-D8-A1JU,TCGA-D8-A1JU-01,11.0,0:LIVING,Invasive Breast Carcinoma,Female,62.0,-0.2149,6.0,17.0,0.0967741935483871,0.27419354838709675
TCGA-D8-A1X5,TCGA-D8-A1X5-01,37.0,0:LIVING,Invasive Breast Carcinoma,Female,445.0,0.1870530337078652,233.0,101.0,0.5235955056179775,0.22696629213483147
TCGA-D8-A1X6,TCGA-D8-A1X6-01,30.0,0:LIVING,Invasive Breast Carcinoma,Female,139.0,0.11185107913669065,43.0,32.0,0.30935251798561153,0.2302158273381295
TCGA-D8-A1X7,TCGA-D8-A1X7-01,17.0,0:LIVING,Invasive Breast Carcinoma,Female,92.0,-0.16720434782608695,13.0,18.0,0.14130434782608695,0.1956521739130435
TCGA-D8-A1X8,TCGA-D8-A1X8-01,22.0,0:LIVING,Invasive Breast Carcinoma,Female,77.0,-0.39936363636363637,9.0,25.0,0.11688311688311688,0.3246753246753247
TCGA-D8-A1X9,TCGA-D8-A1X9-01,76.0,0:LIVING,Invasive Breast Carcinoma,Female,374.0,-0.018174331550802142,121.0,84.0,0.3235294117647059,0.22459893048128343
TCGA-D8-A1XA,TCGA-D8-A1XA-01,20.0,0:LIVING,Invasive Breast Carcinoma,Female,336.0,-0.009523511904761903,172.0,104.0,0.5119047619047619,0.30952380952380953
TCGA-D8-A1XB,TCGA-D8-A1XB-01,27.0,0:LIVING,Invasive Breast Carcinoma,Female,102.0,-0.17615980392156863,8.0,34.0,0.0784313725490196,0.3333333333333333
TCGA-D8-A1XC,TCGA-D8-A1XC-01,26.0,1:DECEASED,Invasive Breast Carcinoma,Female,44.0,-0.2285909090909091,5.0,9.0,0.11363636363636363,0.20454545454545456
TCGA-D8-A1XD,TCGA-D8-A1XD-01,0.0,0:LIVING,Invasive Breast Carcinoma,Female,293.0,0.32186109215017067,156.0,75.0,0.5324232081911263,0.25597269624573377
TCGA-D8-A1XF,TCGA-D8-A1XF-01,31.0,0:LIVING,Invasive Breast Carcinoma,Female,167.0,0.1777,90.0,55.0,0.5389221556886228,0.32934131736526945
TCGA-D8-A1XG,TCGA-D8-A1XG-01,15.0,0:LIVING,Invasive Breast Carcinoma,Female,169.0,0.014104733727810652,27.0,27.0,0.15976331360946747,0.15976331360946747
TCGA-D8-A1XJ,TCGA-D8-A1XJ-01,65.0,0:LIVING,Invasive Breast Carcinoma,Female,467.0,0.17176937901498932,206.0,94.0,0.4411134903640257,0.2012847965738758
TCGA-D8-A1XK,TCGA-D8-A1XK-01,888.0,0:LIVING,Invasive Breast Carcinoma,Female,527.0,0.03569354838709678,247.0,136.0,0.4686907020872865,0.25806451612903225
TCGA-D8-A1XL,TCGA-D8-A1XL-01,83.0,0:LIVING,Invasive Breast Carcinoma,Female,350.0,-0.028608571428571428,142.0,98.0,0.4057142857142857,0.28
TCGA-D8-A1XM,TCGA-D8-A1XM-01,42.0,0:LIVING,Invasive Breast Carcinoma,Female,60.0,-0.3654316666666667,4.0,22.0,0.06666666666666667,0.36666666666666664
TCGA-D8-A1XO,TCGA-D8-A1XO-01,12.0,0:LIVING,Invasive Breast Carcinoma,Female,90.0,-0.2071588888888889,8.0,35.0,0.08888888888888889,0.3888888888888889
TCGA-D8-A1XQ,TCGA-D8-A1XQ-01,742.0,0:LIVING,Invasive Breast Carcinoma,Female,623.0,0.023616051364365974,230.0,127.0,0.36918138041733545,0.20385232744783308
TCGA-D8-A1XR,TCGA-D8-A1XR-01,21.0,0:LIVING,Invasive Breast Carcinoma,Female,305.0,-0.005123606557377051,35.0,50.0,0.11475409836065574,0.16393442622950818
TCGA-D8-A1XS,TCGA-D8-A1XS-01,15.0,0:LIVING,Invasive Breast Carcinoma,Male,211.0,0.18498104265402843,89.0,31.0,0.4218009478672986,0.14691943127962084
TCGA-D8-A1XT,TCGA-D8-A1XT-01,28.0,0:LIVING,Invasive Breast Carcinoma,Female,381.0,0.1347509186351706,143.0,107.0,0.3753280839895013,0.28083989501312334
TCGA-D8-A1XU,TCGA-D8-A1XU-01,18.0,0:LIVING,Invasive Breast Carcinoma,Female,163.0,-0.054584662576687114,83.0,72.0,0.50920245398773,0.44171779141104295
TCGA-D8-A1XV,TCGA-D8-A1XV-01,21.0,0:LIVING,Invasive Breast Carcinoma,Female,40.0,-0.22108499999999998,4.0,6.0,0.1,0.15
TCGA-D8-A1XW,TCGA-D8-A1XW-01,75.0,0:LIVING,Invasive Breast Carcinoma,Female,226.0,-0.08234646017699115,80.0,51.0,0.35398230088495575,0.22566371681415928
TCGA-D8-A1XY,TCGA-D8-A1XY-01,33.0,0:LIVING,Invasive Breast Carcinoma,Female,359.0,-0.015922005571030642,89.0,80.0,0.2479108635097493,0.22284122562674094
TCGA-D8-A1XZ,TCGA-D8-A1XZ-01,64.0,0:LIVING,Invasive Breast Carcinoma,Female,664.0,0.2583656626506024,316.0,140.0,0.4759036144578313,0.21084337349397592
TCGA-D8-A1Y0,TCGA-D8-A1Y0-01,49.0,0:LIVING,Invasive Breast Carcinoma,Female,332.0,-0.1259762048192771,91.0,106.0,0.2740963855421687,0.3192771084337349
TCGA-D8-A1Y1,TCGA-D8-A1Y1-01,183.0,1:DECEASED,Invasive Breast Carcinoma,Female,174.0,-0.10471896551724137,41.0,69.0,0.23563218390804597,0.39655172413793105
TCGA-D8-A1Y2,TCGA-D8-A1Y2-01,12.0,0:LIVING,Invasive Breast Carcinoma,Female,121.0,-0.34415123966942146,25.0,45.0,0.2066115702479339,0.371900826446281
TCGA-D8-A1Y3,TCGA-D8-A1Y3-01,37.0,0:LIVING,Invasive Breast Carcinoma,Female,407.0,0.18065380835380834,149.0,112.0,0.36609336609336607,0.2751842751842752
TCGA-D8-A27E,TCGA-D8-A27E-01,11.0,0:LIVING,Invasive Breast Carcinoma,Female,45.0,-0.14948,4.0,7.0,0.08888888888888889,0.15555555555555556
TCGA-D8-A27F,TCGA-D8-A27F-01,51.0,0:LIVING,Invasive Breast Carcinoma,Female,240.0,0.03914458333333334,114.0,69.0,0.475,0.2875
TCGA-D8-A27G,TCGA-D8-A27G-01,696.0,0:LIVING,Invasive Breast Carcinoma,Female,196.0,0.10476938775510204,67.0,53.0,0.34183673469387754,0.27040816326530615
TCGA-D8-A27H,TCGA-D8-A27H-01,112.0,0:LIVING,Invasive Breast Carcinoma,Female,487.0,0.12624353182751538,244.0,102.0,0.5010266940451745,0.20944558521560575
TCGA-D8-A27I,TCGA-D8-A27I-01,23.0,0:LIVING,Invasive Breast Carcinoma,Female,86.0,-0.247796511627907,8.0,19.0,0.09302325581395349,0.22093023255813954
TCGA-D8-A27K,TCGA-D8-A27K-01,17.0,0:LIVING,Invasive Breast Carcinoma,Female,45.0,-0.46250888888888886,4.0,11.0,0.08888888888888889,0.24444444444444444
TCGA-D8-A27L,TCGA-D8-A27L-01,35.0,0:LIVING,Invasive Breast Carcinoma,Female,88.0,0.07499545454545455,41.0,11.0,0.4659090909090909,0.125
TCGA-D8-A27M,TCGA-D8-A27M-01,49.0,0:LIVING,Invasive Breast Carcinoma,Female,365.0,0.028334794520547945,98.0,69.0,0.2684931506849315,0.18904109589041096
TCGA-D8-A27N,TCGA-D8-A27N-01,36.0,0:LIVING,Invasive Breast Carcinoma,Female,561.0,0.3141048128342246,229.0,85.0,0.40819964349376114,0.15151515151515152
TCGA-D8-A27P,TCGA-D8-A27P-01,17.0,0:LIVING,Invasive Breast Carcinoma,Female,49.0,-0.14242448979591837,3.0,8.0,0.061224489795918366,0.16326530612244897
TCGA-D8-A27R,TCGA-D8-A27R-01,23.0,0:LIVING,Invasive Breast Carcinoma,Female,310.0,0.22430612903225808,138.0,68.0,0.44516129032258067,0.21935483870967742
TCGA-D8-A27T,TCGA-D8-A27T-01,17.0,0:LIVING,Invasive Breast Carcinoma,Female,115.0,-0.15213304347826087,12.0,39.0,0.10434782608695652,0.3391304347826087
TCGA-D8-A27V,TCGA-D8-A27V-01,289.0,0:LIVING,Invasive Breast Carcinoma,Female,236.0,-0.1755550847457627,55.0,73.0,0.2330508474576271,0.3093220338983051
TCGA-D8-A27W,TCGA-D8-A27W-01,29.0,0:LIVING,Invasive Breast Carcinoma,Female,237.0,0.11835780590717299,95.0,54.0,0.4008438818565401,0.22784810126582278
TCGA-D8-A3Z5,TCGA-D8-A3Z5-01,0.0,0:LIVING,Invasive Breast Carcinoma,Female,46.0,-0.15933695652173913,5.0,9.0,0.10869565217391304,0.1956521739130435
TCGA-D8-A3Z6,TCGA-D8-A3Z6-01,22.0,0:LIVING,Invasive Breast Carcinoma,Female,128.0,-0.25228984375,20.0,43.0,0.15625,0.3359375
TCGA-D8-A4Z1,TCGA-D8-A4Z1-01,38.0,0:LIVING,Invasive Breast Carcinoma,Female,74.0,-0.07787027027027027,13.0,10.0,0.17567567567567569,0.13513513513513514
TCGA-D8-A73U,TCGA-D8-A73U-01,104.0,0:LIVING,Invasive Breast Carcinoma,Female,71.0,-0.109343661971831,9.0,8.0,0.1267605633802817,0.11267605633802817
TCGA-D8-A73W,TCGA-D8-A73W-01,35.0,1:DECEASED,Invasive Breast Carcinoma,Female,74.0,-0.1509418918918919,5.0,24.0,0.06756756756756757,0.32432432432432434
TCGA-D8-A73X,TCGA-D8-A73X-01,29.0,0:LIVING,Invasive Breast Carcinoma,Female,84.0,-0.22028809523809526,5.0,17.0,0.05952380952380952,0.20238095238095238
TCGA-E2-A105,TCGA-E2-A105-01,0.0,0:LIVING,Invasive Breast Carcinoma,Female,314.0,0.1862796178343949,155.0,71.0,0.49363057324840764,0.22611464968152867
TCGA-E2-A106,TCGA-E2-A106-01,0.0,0:LIVING,Invasive Breast Carcinoma,Female,188.0,-0.5811755319148936,26.0,71.0,0.13829787234042554,0.3776595744680851
TCGA-E2-A107,TCGA-E2-A107-01,0.0,0:LIVING,Invasive Breast Carcinoma,Female,151.0,-0.19543708609271523,40.0,47.0,0.26490066225165565,0.31125827814569534
TCGA-E2-A108,TCGA-E2-A108-01,0.0,0:LIVING,Invasive Breast Carcinoma,Female,184.0,-0.13480271739130434,17.0,24.0,0.09239130434782608,0.13043478260869565
TCGA-E2-A109,TCGA-E2-A109-01,0.0,0:LIVING,Invasive Breast Carcinoma,Female,598.0,0.25061204013377925,283.0,153.0,0.47324414715719065,0.25585284280936454
TCGA-E2-A10A,TCGA-E2-A10A-01,17.0,0:LIVING,Invasive Breast Carcinoma,Female,379.0,-0.02829050131926122,169.0,101.0,0.44591029023746703,0.26649076517150394
TCGA-E2-A10B,TCGA-E2-A10B-01,0.0,0:LIVING,Invasive Breast Carcinoma,Female,137.0,-0.10156715328467152,49.0,22.0,0.35766423357664234,0.16058394160583941
TCGA-E2-A10C,TCGA-E2-A10C-01,286.0,0:LIVING,Invasive Breast Carcinoma,Female,217.0,0.3813654377880184,124.0,49.0,0.5714285714285714,0.22580645161290322
TCGA-E2-A10E,TCGA-E2-A10E-01,0.0,0:LIVING,Invasive Breast Carcinoma,Female,142.0,-0.17684084507042253,27.0,44.0,0.19014084507042253,0.30985915492957744
TCGA-E2-A10F,TCGA-E2-A10F-01,0.0,0:LIVING,Invasive Breast Carcinoma,Female,72.0,-0.1754402777777778,7.0,20.0,0.09722222222222222,0.2777777777777778
TCGA-E2-A14N,TCGA-E2-A14N-01,72.0,0:LIVING,Invasive Breast Carcinoma,Female,356.0,-0.05450898876404495,41.0,51.0,0.1151685393258427,0.14325842696629212
TCGA-E2-A14O,TCGA-E2-A14O-01,26.0,0:LIVING,Invasive Breast Carcinoma,Female,122.0,-0.016759836065573776,59.0,46.0,0.48360655737704916,0.3770491803278688
TCGA-E2-A14P,TCGA-E2-A14P-01,56.0,0:LIVING,Invasive Breast Carcinoma,Female,1086.0,0.1915218232044199,482.0,121.0,0.4438305709023941,0.11141804788213629
TCGA-E2-A14Q,TCGA-E2-A14Q-01,23.0,0:LIVING,Invasive Breast Carcinoma,Female,147.0,0.07798707482993197,47.0,32.0,0.3197278911564626,0.21768707482993196
TCGA-E2-A14R,TCGA-E2-A14R-01,99.0,0:LIVING,Invasive Breast Carcinoma,Female,801.0,-0.12906541822721598,369.0,245.0,0.4606741573033708,0.30586766541822724
TCGA-E2-A14S,TCGA-E2-A14S-01,0.0,0:LIVING,Invasive Breast Carcinoma,Female,318.0,-0.03118018867924528,97.0,70.0,0.3050314465408805,0.22012578616352202
TCGA-E2-A14T,TCGA-E2-A14T-01,29.0,0:LIVING,Invasive Breast Carcinoma,Female,410.0,0.08799170731707316,195.0,94.0,0.47560975609756095,0.22926829268292684
TCGA-E2-A14U,TCGA-E2-A14U-01,0.0,0:LIVING,Invasive Breast Carcinoma,Female,47.0,-0.2995191489361702,0.0,9.0,0.0,0.19148936170212766
TCGA-E2-A14V,TCGA-E2-A14V-01,84.0,0:LIVING,Invasive Breast Carcinoma,Female,499.0,0.3657258517034068,255.0,101.0,0.5110220440881763,0.20240480961923848
TCGA-E2-A14W,TCGA-E2-A14W-01,82.0,0:LIVING,Invasive Breast Carcinoma,Male,486.0,-0.03534115226337448,90.0,114.0,0.18518518518518517,0.2345679012345679
TCGA-E2-A14X,TCGA-E2-A14X-01,20.0,0:LIVING,Invasive Breast Carcinoma,Female,249.0,0.2938987951807229,130.0,51.0,0.5220883534136547,0.20481927710843373
TCGA-E2-A14Y,TCGA-E2-A14Y-01,30.0,0:LIVING,Invasive Breast Carcinoma,Female,493.0,0.04939939148073022,124.0,65.0,0.2515212981744422,0.13184584178498987
TCGA-E2-A14Z,TCGA-E2-A14Z-01,51.0,1:DECEASED,Invasive Breast Carcinoma,Female,376.0,-0.0036351063829787216,136.0,135.0,0.3617021276595745,0.35904255319148937
TCGA-E2-A150,TCGA-E2-A150-01,58.0,0:LIVING,Invasive Breast Carcinoma,Female,507.0,0.1691404339250493,220.0,147.0,0.4339250493096647,0.28994082840236685
TCGA-E2-A152,TCGA-E2-A152-01,103.0,0:LIVING,Invasive Breast Carcinoma,Female,212.0,0.03727877358490566,108.0,52.0,0.5094339622641509,0.24528301886792453
TCGA-E2-A153,TCGA-E2-A153-01,19.0,0:LIVING,Invasive Breast Carcinoma,Female,49.0,-0.22187755102040815,9.0,17.0,0.1836734693877551,0.3469387755102041
TCGA-E2-A154,TCGA-E2-A154-01,38.0,0:LIVING,Invasive Breast Carcinoma,Female,75.0,-0.117972,15.0,20.0,0.2,0.26666666666666666
TCGA-E2-A155,TCGA-E2-A155-01,51.0,0:LIVING,Invasive Breast Carcinoma,Female,284.0,0.2049869718309859,114.0,75.0,0.4014084507042254,0.2640845070422535
TCGA-E2-A156,TCGA-E2-A156-01,24.0,0:LIVING,Invasive Breast Carcinoma,Female,86.0,-0.2883151162790698,5.0,30.0,0.05813953488372093,0.3488372093023256
TCGA-E2-A158,TCGA-E2-A158-01,74.0,0:LIVING,Invasive Breast Carcinoma,Female,574.0,-0.09696620209059234,208.0,151.0,0.3623693379790941,0.26306620209059234
TCGA-E2-A159,TCGA-E2-A159-01,118.0,0:LIVING,Invasive Breast Carcinoma,Female,201.0,-0.08035174129353234,61.0,58.0,0.3034825870646766,0.2885572139303483
TCGA-E2-A15A,TCGA-E2-A15A-01,49.0,0:LIVING,Invasive Breast Carcinoma,Female,571.0,0.08329316987740806,219.0,147.0,0.38353765323992994,0.2574430823117338
TCGA-E2-A15A,TCGA-E2-A15A-06,33.0,0:LIVING,Invasive Breast Carcinoma,Female,431.0,0.16480997679814385,191.0,69.0,0.4431554524361949,0.16009280742459397
TCGA-E2-A15C,TCGA-E2-A15C-01,28.0,0:LIVING,Invasive Breast Carcinoma,Female,64.0,-0.472103125,6.0,23.0,0.09375,0.359375
TCGA-E2-A15D,TCGA-E2-A15D-01,27.0,0:LIVING,Invasive Breast Carcinoma,Female,94.0,-0.2310191489361702,23.0,27.0,0.24468085106382978,0.2872340425531915
TCGA-E2-A15E,TCGA-E2-A15E-01,27.0,0:LIVING,Invasive Breast Carcinoma,Female,444.0,0.07415337837837839,143.0,76.0,0.32207207207207206,0.17117117117117117
TCGA-E2-A15E,TCGA-E2-A15E-06,28.0,0:LIVING,Invasive Breast Carcinoma,Female,416.0,0.09253870192307692,184.0,63.0,0.4423076923076923,0.15144230769230768
TCGA-E2-A15F,TCGA-E2-A15F-01,0.0,0:LIVING,Invasive Breast Carcinoma,Female,276.0,0.13090072463768115,78.0,58.0,0.2826086956521739,0.21014492753623187
TCGA-E2-A15G,TCGA-E2-A15G-01,43.0,0:LIVING,Invasive Breast Carcinoma,Female,191.0,-0.14383403141361256,15.0,33.0,0.07853403141361257,0.17277486910994763
TCGA-E2-A15H,TCGA-E2-A15H-01,27.0,0:LIVING,Invasive Breast Carcinoma,Female,444.0,0.17662499999999998,161.0,86.0,0.36261261261261263,0.19369369369369369
TCGA-E2-A15I,TCGA-E2-A15I-01,21.0,0:LIVING,Invasive Breast Carcinoma,Female,154.0,-0.13330194805194806,28.0,30.0,0.18181818181818182,0.19480519480519481
TCGA-E2-A15J,TCGA-E2-A15J-01,18.0,0:LIVING,Invasive Breast Carcinoma,Female,119.0,-0.1108798319327731,24.0,22.0,0.20168067226890757,0.18487394957983194
TCGA-E2-A15K,TCGA-E2-A15K-01,36.0,0:LIVING,Invasive Breast Carcinoma,Female,231.0,-0.0003012987012986985,59.0,52.0,0.2554112554112554,0.22510822510822512
TCGA-E2-A15K,TCGA-E2-A15K-06,41.0,0:LIVING,Invasive Breast Carcinoma,Female,207.0,-0.08063333333333332,47.0,50.0,0.22705314009661837,0.24154589371980675
TCGA-E2-A15L,TCGA-E2-A15L-01,28.0,0:LIVING,Invasive Breast Carcinoma,Female,82.0,-0.1901378048780488,10.0,13.0,0.12195121951219512,0.15853658536585366
TCGA-E2-A15M,TCGA-E2-A15M-01,61.0,1:DECEASED,Invasive Breast Carcinoma,Female,415.0,0.07663903614457832,135.0,67.0,0.3253012048192771,0.1614457831325301
TCGA-E2-A15O,TCGA-E2-A15O-01,25.0,0:LIVING,Invasive Breast Carcinoma,Female,166.0,-0.04582048192771083,57.0,47.0,0.3433734939759036,0.28313253012048195
TCGA-E2-A15P,TCGA-E2-A15P-01,34.0,0:LIVING,Invasive Breast Carcinoma,Female,192.0,-0.15625729166666666,29.0,75.0,0.15104166666666666,0.390625
TCGA-E2-A15R,TCGA-E2-A15R-01,28.0,0:LIVING,Invasive Breast Carcinoma,Female,163.0,0.20024662576687116,65.0,35.0,0.3987730061349693,0.2147239263803681
TCGA-E2-A15S,TCGA-E2-A15S-01,48.0,0:LIVING,Invasive Breast Carcinoma,Female,258.0,-0.09129883720930232,96.0,76.0,0.37209302325581395,0.29457364341085274
TCGA-E2-A15T,TCGA-E2-A15T-01,20.0,0:LIVING,Invasive Breast Carcinoma,Female,253.0,-0.08008300395256916,67.0,53.0,0.2648221343873518,0.20948616600790515
TCGA-E2-A1AZ,TCGA-E2-A1AZ-01,40.0,0:LIVING,Invasive Breast Carcinoma,Female,726.0,0.004889807162534435,220.0,127.0,0.30303030303030304,0.174931129476584
TCGA-E2-A1B0,TCGA-E2-A1B0-01,36.0,0:LIVING,Invasive Breast Carcinoma,Female,499.0,0.25497234468937874,237.0,69.0,0.4749498997995992,0.13827655310621242
TCGA-E2-A1B1,TCGA-E2-A1B1-01,40.0,0:LIVING,Invasive Breast Carcinoma,Female,146.0,0.10032465753424659,42.0,10.0,0.2876712328767123,0.0684931506849315
TCGA-E2-A1B4,TCGA-E2-A1B4-01,30.0,1:DECEASED,Invasive Breast Carcinoma,Female,79.0,-0.3617658227848101,8.0,23.0,0.10126582278481013,0.2911392405063291
TCGA-E2-A1B5,TCGA-E2-A1B5-01,26.0,0:LIVING,Invasive Breast Carcinoma,Female,213.0,0.03980046948356807,55.0,17.0,0.25821596244131456,0.07981220657276995
TCGA-E2-A1B6,TCGA-E2-A1B6-01,28.0,0:LIVING,Invasive Breast Carcinoma,Female,157.0,-0.1153375796178344,5.0,18.0,0.03184713375796178,0.11464968152866242
TCGA-E2-A1BC,TCGA-E2-A1BC-01,25.0,0:LIVING,Invasive Breast Carcinoma,Female,93.0,-0.27753870967741934,8.0,44.0,0.08602150537634409,0.4731182795698925
TCGA-E2-A1BD,TCGA-E2-A1BD-01,34.0,0:LIVING,Invasive Breast Carcinoma,Female,114.0,-0.24622982456140352,32.0,38.0,0.2807017543859649,0.3333333333333333
TCGA-E2-A1IE,TCGA-E2-A1IE-01,17.0,0:LIVING,Invasive Breast Carcinoma,Female,240.0,0.07104375,85.0,58.0,0.3541666666666667,0.24166666666666667
TCGA-E2-A1IF,TCGA-E2-A1IF-01,15.0,0:LIVING,Invasive Breast Carcinoma,Female,40.0,-0.2249625,4.0,10.0,0.1,0.25
TCGA-E2-A1IG,TCGA-E2-A1IG-01,35.0,0:LIVING,Invasive Breast Carcinoma,Female,224.0,0.12481919642857142,74.0,40.0,0.33035714285714285,0.17857142857142858
TCGA-E2-A1IH,TCGA-E2-A1IH-01,56.0,0:LIVING,Invasive Breast Carcinoma,Female,284.0,-0.28482218309859153,56.0,149.0,0.19718309859154928,0.5246478873239436
TCGA-E2-A1II,TCGA-E2-A1II-01,22.0,0:LIVING,Invasive Breast Carcinoma,Female,248.0,-0.033401612903225804,64.0,76.0,0.25806451612903225,0.3064516129032258
TCGA-E2-A1IJ,TCGA-E2-A1IJ-01,12.0,0:LIVING,Invasive Breast Carcinoma,Female,93.0,-0.20802043010752688,14.0,33.0,0.15053763440860216,0.3548387096774194
TCGA-E2-A1IK,TCGA-E2-A1IK-01,11.0,0:LIVING,Invasive Breast Carcinoma,Female,51.0,-0.07746274509803922,0.0,3.0,0.0,0.058823529411764705
TCGA-E2-A1IL,TCGA-E2-A1IL-01,19.0,0:LIVING,Invasive Breast Carcinoma,Female,95.0,-0.1499694736842105,23.0,27.0,0.24210526315789474,0.28421052631578947
TCGA-E2-A1IN,TCGA-E2-A1IN-01,141.0,0:LIVING,Invasive Breast Carcinoma,Female,151.0,-0.3300317880794702,51.0,64.0,0.33774834437086093,0.423841059602649
TCGA-E2-A1IO,TCGA-E2-A1IO-01,10.0,0:LIVING,Invasive Breast Carcinoma,Female,468.0,0.07907991452991453,143.0,116.0,0.3055555555555556,0.24786324786324787
TCGA-E2-A1IU,TCGA-E2-A1IU-01,16.0,0:LIVING,Invasive Breast Carcinoma,Female,121.0,0.050187603305785124,34.0,24.0,0.2809917355371901,0.19834710743801653
TCGA-E2-A1L6,TCGA-E2-A1L6-01,15.0,0:LIVING,Invasive Breast Carcinoma,Female,75.0,-0.12121733333333334,15.0,16.0,0.2,0.21333333333333335
TCGA-E2-A1L7,TCGA-E2-A1L7-01,56.0,0:LIVING,Invasive Breast Carcinoma,Female,452.0,-0.11905265486725664,139.0,143.0,0.3075221238938053,0.3163716814159292
TCGA-E2-A1L8,TCGA-E2-A1L8-01,21.0,0:LIVING,Invasive Breast Carcinoma,Female,151.0,-0.17858410596026492,23.0,41.0,0.152317880794702,0.271523178807947
TCGA-E2-A1L9,TCGA-E2-A1L9-01,22.0,0:LIVING,Invasive Breast Carcinoma,Female,65.0,-0.3180107692307692,5.0,15.0,0.07692307692307693,0.23076923076923078
TCGA-E2-A1LA,TCGA-E2-A1LA-01,69.0,0:LIVING,Invasive Breast Carcinoma,Female,228.0,-0.13725833333333332,45.0,72.0,0.19736842105263158,0.3157894736842105
TCGA-E2-A1LB,TCGA-E2-A1LB-01,39.0,0:LIVING,Invasive Breast Carcinoma,Female,203.0,-0.026791625615763547,42.0,70.0,0.20689655172413793,0.3448275862068966
TCGA-E2-A1LE,TCGA-E2-A1LE-01,0.0,1:DECEASED,Invasive Breast Carcinoma,Female,794.0,0.17641372795969773,376.0,141.0,0.473551637279597,0.17758186397984888
TCGA-E2-A1LG,TCGA-E2-A1LG-01,116.0,0:LIVING,Invasive Breast Carcinoma,Female,280.0,-0.0493525,122.0,101.0,0.4357142857142857,0.3607142857142857
TCGA-E2-A1LH,TCGA-E2-A1LH-01,158.0,0:LIVING,Invasive Breast Carcinoma,Female,451.0,0.03171130820399113,133.0,57.0,0.29490022172949004,0.12638580931263857
TCGA-E2-A1LI,TCGA-E2-A1LI-01,0.0,0:LIVING,Invasive Breast Carcinoma,Female,370.0,0.006832702702702705,133.0,84.0,0.35945945945945945,0.22702702702702704
TCGA-E2-A1LK,TCGA-E2-A1LK-01,32.0,1:DECEASED,Invasive Breast Carcinoma,Female,269.0,0.01638513011152417,93.0,73.0,0.34572490706319703,0.27137546468401486
TCGA-E2-A1LL,TCGA-E2-A1LL-01,31.0,0:LIVING,Invasive Breast Carcinoma,Female,984.0,-0.031139837398373983,325.0,264.0,0.33028455284552843,0.2682926829268293
TCGA-E2-A1LS,TCGA-E2-A1LS-01,56.0,0:LIVING,Invasive Breast Carcinoma,Female,,,,,,
TCGA-E2-A2P5,TCGA-E2-A2P5-01,52.0,1:DECEASED,Invasive Breast Carcinoma,Female,370.0,-0.016800270270270274,168.0,100.0,0.4540540540540541,0.2702702702702703
TCGA-E2-A2P6,TCGA-E2-A2P6-01,0.0,0:LIVING,Invasive Breast Carcinoma,Female,211.0,-0.1142914691943128,47.0,62.0,0.22274881516587677,0.2938388625592417
TCGA-E2-A3DX,TCGA-E2-A3DX-01,0.0,0:LIVING,Invasive Breast Carcinoma,Female,57.0,-0.3273280701754386,0.0,12.0,0.0,0.21052631578947367
TCGA-E2-A56Z,TCGA-E2-A56Z-01,32.0,0:LIVING,Invasive Breast Carcinoma,Female,286.0,0.1933202797202797,121.0,68.0,0.4230769230769231,0.23776223776223776
TCGA-E2-A570,TCGA-E2-A570-01,18.0,0:LIVING,Invasive Breast Carcinoma,Female,89.0,-0.3432123595505618,19.0,28.0,0.21348314606741572,0.3146067415730337
TCGA-E2-A572,TCGA-E2-A572-01,16.0,0:LIVING,Invasive Breast Carcinoma,Female,4309.0,-2.290769482478533,20.0,2359.0,0.004641448131817127,0.5474588071478301
TCGA-E2-A573,TCGA-E2-A573-01,42.0,0:LIVING,Invasive Breast Carcinoma,Female,148.0,-0.11309932432432433,38.0,35.0,0.25675675675675674,0.23648648648648649
TCGA-E2-A574,TCGA-E2-A574-01,82.0,0:LIVING,Invasive Breast Carcinoma,Female,369.0,-0.23565257452574526,130.0,149.0,0.3523035230352303,0.4037940379403794
TCGA-E2-A576,TCGA-E2-A576-01,39.0,0:LIVING,Invasive Breast Carcinoma,Female,274.0,-0.2569726277372263,31.0,96.0,0.11313868613138686,0.35036496350364965
TCGA-E2-A9RU,TCGA-E2-A9RU-01,53.0,0:LIVING,Invasive Breast Carcinoma,Female,1040.0,0.13292471153846155,444.0,234.0,0.4269230769230769,0.225
TCGA-E9-A1N3,TCGA-E9-A1N3-01,23.0,0:LIVING,Invasive Breast Carcinoma,Female,61.0,-0.08095245901639345,17.0,11.0,0.2786885245901639,0.18032786885245902
TCGA-E9-A1N4,TCGA-E9-A1N4-01,18.0,0:LIVING,Invasive Breast Carcinoma,Female,261.0,-0.12904750957854405,8.0,74.0,0.03065134099616858,0.2835249042145594
TCGA-E9-A1N5,TCGA-E9-A1N5-01,26.0,0:LIVING,Invasive Breast Carcinoma,Female,151.0,0.16968543046357615,60.0,27.0,0.3973509933774834,0.17880794701986755
TCGA-E9-A1N6,TCGA-E9-A1N6-01,0.0,1:DECEASED,Invasive Breast Carcinoma,Female,441.0,0.16684761904761905,186.0,91.0,0.4217687074829932,0.20634920634920634
TCGA-E9-A1N8,TCGA-E9-A1N8-01,24.0,0:LIVING,Invasive Breast Carcinoma,Female,388.0,0.38271855670103094,254.0,80.0,0.654639175257732,0.20618556701030927
TCGA-E9-A1N9,TCGA-E9-A1N9-01,43.0,0:LIVING,Invasive Breast Carcinoma,Female,686.0,0.15725349854227405,251.0,181.0,0.36588921282798836,0.26384839650145775
TCGA-E9-A1NA,TCGA-E9-A1NA-01,74.0,0:LIVING,Invasive Breast Carcinoma,Female,1527.0,0.1992608382449247,772.0,204.0,0.5055664702030125,0.13359528487229863
TCGA-E9-A1NC,TCGA-E9-A1NC-01,64.0,0:LIVING,Invasive Breast Carcinoma,Female,291.0,0.1257697594501718,97.0,74.0,0.3333333333333333,0.2542955326460481
TCGA-E9-A1ND,TCGA-E9-A1ND-01,63.0,0:LIVING,Invasive Breast Carcinoma,Female,357.0,0.03449271708683473,112.0,35.0,0.3137254901960784,0.09803921568627451
TCGA-E9-A1NE,TCGA-E9-A1NE-01,46.0,0:LIVING,Invasive Breast Carcinoma,Female,147.0,-0.21329183673469387,11.0,20.0,0.07482993197278912,0.1360544217687075
TCGA-E9-A1NF,TCGA-E9-A1NF-01,42.0,1:DECEASED,Invasive Breast Carcinoma,Female,656.0,0.09343170731707316,266.0,156.0,0.4054878048780488,0.23780487804878048
TCGA-E9-A1NG,TCGA-E9-A1NG-01,14.0,1:DECEASED,Invasive Breast Carcinoma,Female,110.0,-0.09154363636363637,7.0,36.0,0.06363636363636363,0.32727272727272727
TCGA-E9-A1NH,TCGA-E9-A1NH-01,23.0,0:LIVING,Invasive Breast Carcinoma,Female,73.0,-0.03240821917808218,15.0,15.0,0.2054794520547945,0.2054794520547945
TCGA-E9-A1NI,TCGA-E9-A1NI-01,28.0,0:LIVING,Invasive Breast Carcinoma,Female,238.0,-0.17481302521008404,55.0,77.0,0.23109243697478993,0.3235294117647059
TCGA-E9-A1QZ,TCGA-E9-A1QZ-01,17.0,0:LIVING,Invasive Breast Carcinoma,Female,101.0,-0.0998960396039604,31.0,17.0,0.3069306930693069,0.16831683168316833
TCGA-E9-A1R0,TCGA-E9-A1R0-01,22.0,0:LIVING,Invasive Breast Carcinoma,Female,81.0,-0.14882098765432097,7.0,25.0,0.08641975308641975,0.30864197530864196
TCGA-E9-A1R2,TCGA-E9-A1R2-01,48.0,0:LIVING,Invasive Breast Carcinoma,Female,142.0,-0.0102887323943662,41.0,43.0,0.2887323943661972,0.3028169014084507
TCGA-E9-A1R3,TCGA-E9-A1R3-01,22.0,0:LIVING,Invasive Breast Carcinoma,Female,107.0,-0.12396822429906541,25.0,38.0,0.2336448598130841,0.35514018691588783
TCGA-E9-A1R4,TCGA-E9-A1R4-01,98.0,0:LIVING,Invasive Breast Carcinoma,Female,264.0,-0.03043787878787879,68.0,70.0,0.25757575757575757,0.26515151515151514
TCGA-E9-A1R5,TCGA-E9-A1R5-01,38.0,0:LIVING,Invasive Breast Carcinoma,Female,191.0,-0.005694240837696338,94.0,48.0,0.49214659685863876,0.2513089005235602
TCGA-E9-A1R6,TCGA-E9-A1R6-01,23.0,0:LIVING,Invasive Breast Carcinoma,Female,234.0,0.1515034188034188,148.0,51.0,0.6324786324786325,0.21794871794871795
TCGA-E9-A1R7,TCGA-E9-A1R7-01,36.0,0:LIVING,Invasive Breast Carcinoma,Female,420.0,0.19219666666666665,198.0,76.0,0.4714285714285714,0.18095238095238095
TCGA-E9-A1RA,TCGA-E9-A1RA-01,14.0,0:LIVING,Invasive Breast Carcinoma,Female,88.0,-0.12896931818181817,11.0,11.0,0.125,0.125
TCGA-E9-A1RB,TCGA-E9-A1RB-01,25.0,1:DECEASED,Invasive Breast Carcinoma,Female,318.0,-0.020670440251572327,120.0,101.0,0.37735849056603776,0.31761006289308175
TCGA-E9-A1RC,TCGA-E9-A1RC-01,38.0,0:LIVING,Invasive Breast Carcinoma,Female,375.0,-0.117024,99.0,95.0,0.264,0.25333333333333335
TCGA-E9-A1RD,TCGA-E9-A1RD-01,18.0,0:LIVING,Invasive Breast Carcinoma,Female,53.0,-0.3380415094339623,8.0,20.0,0.1509433962264151,0.37735849056603776
TCGA-E9-A1RE,TCGA-E9-A1RE-01,41.0,0:LIVING,Invasive Breast Carcinoma,Female,473.0,-0.10314355179704016,124.0,178.0,0.26215644820295986,0.3763213530655391
TCGA-E9-A1RF,TCGA-E9-A1RF-01,116.0,0:LIVING,Invasive Breast Carcinoma,Female,599.0,0.27130901502504173,289.0,123.0,0.48247078464106846,0.20534223706176963
TCGA-E9-A1RG,TCGA-E9-A1RG-01,31.0,0:LIVING,Invasive Breast Carcinoma,Female,431.0,0.01370626450116009,129.0,147.0,0.29930394431554525,0.34106728538283065
TCGA-E9-A1RH,TCGA-E9-A1RH-01,71.0,0:LIVING,Invasive Breast Carcinoma,Female,553.0,0.1371638336347197,252.0,117.0,0.45569620253164556,0.2115732368896926
TCGA-E9-A1RI,TCGA-E9-A1RI-01,9.0,0:LIVING,Invasive Breast Carcinoma,Female,197.0,-0.04453401015228426,31.0,36.0,0.15736040609137056,0.18274111675126903
TCGA-E9-A226,TCGA-E9-A226-01,45.0,1:DECEASED,Invasive Breast Carcinoma,Female,425.0,0.19017764705882353,164.0,79.0,0.38588235294117645,0.18588235294117647
TCGA-E9-A227,TCGA-E9-A227-01,14.0,0:LIVING,Invasive Breast Carcinoma,Female,68.0,-0.34963529411764704,6.0,23.0,0.08823529411764706,0.3382352941176471
TCGA-E9-A228,TCGA-E9-A228-01,35.0,0:LIVING,Invasive Breast Carcinoma,Female,443.0,0.34660293453724605,153.0,75.0,0.345372460496614,0.16930022573363432
TCGA-E9-A229,TCGA-E9-A229-01,17.0,0:LIVING,Invasive Breast Carcinoma,Female,227.0,-0.11437797356828193,29.0,82.0,0.1277533039647577,0.36123348017621143
TCGA-E9-A22A,TCGA-E9-A22A-01,23.0,0:LIVING,Invasive Breast Carcinoma,Female,239.0,0.2373794979079498,103.0,68.0,0.4309623430962343,0.28451882845188287
TCGA-E9-A22B,TCGA-E9-A22B-01,50.0,0:LIVING,Invasive Breast Carcinoma,Female,197.0,-0.01295634517766498,47.0,61.0,0.23857868020304568,0.3096446700507614
TCGA-E9-A22D,TCGA-E9-A22D-01,18.0,0:LIVING,Invasive Breast Carcinoma,Female,791.0,0.23522300884955752,355.0,94.0,0.44879898862199746,0.11883691529709228
TCGA-E9-A22E,TCGA-E9-A22E-01,95.0,0:LIVING,Invasive Breast Carcinoma,Female,437.0,0.023739130434782606,143.0,97.0,0.32723112128146453,0.2219679633867277
TCGA-E9-A22G,TCGA-E9-A22G-01,73.0,0:LIVING,Invasive Breast Carcinoma,Female,496.0,0.03744274193548387,268.0,162.0,0.5403225806451613,0.32661290322580644
TCGA-E9-A22H,TCGA-E9-A22H-01,21.0,0:LIVING,Invasive Breast Carcinoma,Female,135.0,-0.21215407407407408,14.0,36.0,0.1037037037037037,0.26666666666666666
TCGA-E9-A243,TCGA-E9-A243-01,57.0,0:LIVING,Invasive Breast Carcinoma,Female,238.0,-0.008689915966386554,48.0,19.0,0.20168067226890757,0.07983193277310924
TCGA-E9-A244,TCGA-E9-A244-01,74.0,0:LIVING,Invasive Breast Carcinoma,Female,635.0,0.01985968503937008,245.0,117.0,0.3858267716535433,0.18425196850393702
TCGA-E9-A245,TCGA-E9-A245-01,15.0,1:DECEASED,Invasive Breast Carcinoma,Female,62.0,-0.18499516129032256,6.0,14.0,0.0967741935483871,0.22580645161290322
TCGA-E9-A247,TCGA-E9-A247-01,30.0,0:LIVING,Invasive Breast Carcinoma,Female,294.0,0.025554421768707484,151.0,97.0,0.5136054421768708,0.3299319727891156
TCGA-E9-A248,TCGA-E9-A248-01,19.0,0:LIVING,Invasive Breast Carcinoma,Female,443.0,0.46432595936794585,236.0,58.0,0.5327313769751693,0.1309255079006772
TCGA-E9-A249,TCGA-E9-A249-01,0.0,0:LIVING,Invasive Breast Carcinoma,Female,101.0,-0.09313564356435643,31.0,33.0,0.3069306930693069,0.32673267326732675
TCGA-E9-A24A,TCGA-E9-A24A-01,22.0,0:LIVING,Invasive Breast Carcinoma,Female,69.0,-0.03936231884057971,14.0,11.0,0.2028985507246377,0.15942028985507245
TCGA-E9-A295,TCGA-E9-A295-01,70.0,0:LIVING,Invasive Breast Carcinoma,Female,184.0,0.020951086956521738,59.0,50.0,0.32065217391304346,0.2717391304347826
TCGA-E9-A2JS,TCGA-E9-A2JS-01,46.0,1:DECEASED,Invasive Breast Carcinoma,Female,286.0,0.0783048951048951,127.0,83.0,0.44405594405594406,0.2902097902097902
TCGA-E9-A2JT,TCGA-E9-A2JT-01,16.0,0:LIVING,Invasive Breast Carcinoma,Female,59.0,-0.10672372881355931,5.0,7.0,0.0847457627118644,0.11864406779661017
TCGA-E9-A3HO,TCGA-E9-A3HO-01,0.0,0:LIVING,Invasive Breast Carcinoma,Female,288.0,-0.13284340277777776,73.0,83.0,0.2534722222222222,0.2881944444444444
TCGA-E9-A3Q9,TCGA-E9-A3Q9-01,0.0,0:LIVING,Invasive Breast Carcinoma,Female,70.0,-0.20517857142857143,10.0,14.0,0.14285714285714285,0.2
TCGA-E9-A3QA,TCGA-E9-A3QA-01,0.0,0:LIVING,Invasive Breast Carcinoma,Female,252.0,-0.12777261904761905,41.0,42.0,0.1626984126984127,0.16666666666666666
TCGA-E9-A3X8,TCGA-E9-A3X8-01,22.0,0:LIVING,Invasive Breast Carcinoma,Female,57.0,-0.30473157894736846,4.0,16.0,0.07017543859649122,0.2807017543859649
TCGA-E9-A54X,TCGA-E9-A54X-01,0.0,0:LIVING,Invasive Breast Carcinoma,Female,188.0,-0.22251223404255321,31.0,40.0,0.16489361702127658,0.2127659574468085
TCGA-E9-A54Y,TCGA-E9-A54Y-01,28.0,0:LIVING,Invasive Breast Carcinoma,Female,342.0,0.18125,150.0,83.0,0.43859649122807015,0.24269005847953215
TCGA-E9-A5FK,TCGA-E9-A5FK-01,20.0,0:LIVING,Invasive Breast Carcinoma,Female,125.0,-0.313452,5.0,30.0,0.04,0.24
TCGA-E9-A5FL,TCGA-E9-A5FL-01,77.0,0:LIVING,Invasive Breast Carcinoma,Female,286.0,0.0762506993006993,88.0,66.0,0.3076923076923077,0.23076923076923078
TCGA-E9-A5UO,TCGA-E9-A5UO-01,20.0,0:LIVING,Invasive Breast Carcinoma,Female,552.0,0.005262862318840575,117.0,111.0,0.21195652173913043,0.20108695652173914
TCGA-E9-A5UP,TCGA-E9-A5UP-01,0.0,0:LIVING,Invasive Breast Carcinoma,Female,125.0,-0.14614560000000001,52.0,44.0,0.416,0.352
TCGA-E9-A6HE,TCGA-E9-A6HE-01,20.0,0:LIVING,Invasive Breast Carcinoma,Female,133.0,-0.3866609022556391,9.0,58.0,0.06766917293233082,0.43609022556390975
TCGA-EW-A1IW,TCGA-EW-A1IW-01,62.0,0:LIVING,Invasive Breast Carcinoma,Female,177.0,0.020302824858757063,36.0,57.0,0.2033898305084746,0.3220338983050847
TCGA-EW-A1IX,TCGA-EW-A1IX-01,25.0,0:LIVING,Invasive Breast Carcinoma,Female,116.0,-0.11761551724137931,13.0,36.0,0.11206896551724138,0.3103448275862069
TCGA-EW-A1IY,TCGA-EW-A1IY-01,18.0,0:LIVING,Invasive Breast Carcinoma,Female,96.0,-0.316115625,10.0,30.0,0.10416666666666667,0.3125
TCGA-EW-A1IZ,TCGA-EW-A1IZ-01,325.0,0:LIVING,Invasive Breast Carcinoma,Female,107.0,-0.15798691588785047,19.0,23.0,0.17757009345794392,0.21495327102803738
TCGA-EW-A1J1,TCGA-EW-A1J1-01,14.0,0:LIVING,Invasive Breast Carcinoma,Female,152.0,-0.035022368421052635,46.0,44.0,0.3026315789473684,0.2894736842105263
TCGA-EW-A1J2,TCGA-EW-A1J2-01,25.0,0:LIVING,Invasive Breast Carcinoma,Female,97.0,-0.32859793814432986,8.0,33.0,0.08247422680412371,0.3402061855670103
TCGA-EW-A1J3,TCGA-EW-A1J3-01,18.0,0:LIVING,Invasive Breast Carcinoma,Female,149.0,0.266848322147651,76.0,28.0,0.5100671140939598,0.18791946308724833
TCGA-EW-A1J5,TCGA-EW-A1J5-01,327.0,0:LIVING,Invasive Breast Carcinoma,Female,203.0,-0.09485517241379311,42.0,41.0,0.20689655172413793,0.2019704433497537
TCGA-EW-A1J6,TCGA-EW-A1J6-01,30.0,0:LIVING,Invasive Breast Carcinoma,Female,359.0,0.062004178272980506,220.0,119.0,0.6128133704735376,0.33147632311977715
TCGA-EW-A1OV,TCGA-EW-A1OV-01,81.0,0:LIVING,Invasive Breast Carcinoma,Female,158.0,-0.05924367088607595,52.0,57.0,0.3291139240506329,0.36075949367088606
TCGA-EW-A1OW,TCGA-EW-A1OW-01,0.0,0:LIVING,Invasive Breast Carcinoma,Female,275.0,-0.2125581818181818,96.0,106.0,0.3490909090909091,0.38545454545454544
TCGA-EW-A1OX,TCGA-EW-A1OX-01,8.0,0:LIVING,Invasive Breast Carcinoma,Female,353.0,0.04408158640226628,86.0,49.0,0.24362606232294617,0.1388101983002833
TCGA-EW-A1OY,TCGA-EW-A1OY-01,49.0,0:LIVING,Invasive Breast Carcinoma,Female,421.0,0.02809524940617577,183.0,123.0,0.4346793349168646,0.2921615201900237
TCGA-EW-A1OZ,TCGA-EW-A1OZ-01,46.0,0:LIVING,Invasive Breast Carcinoma,Female,863.0,-0.02610405561993047,366.0,269.0,0.4241019698725377,0.31170336037079954
TCGA-EW-A1P0,TCGA-EW-A1P0-01,15.0,0:LIVING,Invasive Breast Carcinoma,Female,159.0,0.01919245283018868,56.0,42.0,0.3522012578616352,0.2641509433962264
TCGA-EW-A1P1,TCGA-EW-A1P1-01,1.0,0:LIVING,Invasive Breast Carcinoma,Female,87.0,-0.13032528735632185,1.0,12.0,0.011494252873563218,0.13793103448275862
TCGA-EW-A1P3,TCGA-EW-A1P3-01,18.0,0:LIVING,Invasive Breast Carcinoma,Female,147.0,-0.20969727891156464,29.0,40.0,0.19727891156462585,0.272108843537415
TCGA-EW-A1P4,TCGA-EW-A1P4-01,56.0,0:LIVING,Invasive Breast Carcinoma,Female,637.0,0.03214081632653061,233.0,154.0,0.36577708006279436,0.24175824175824176
TCGA-EW-A1P5,TCGA-EW-A1P5-01,14.0,0:LIVING,Invasive Breast Carcinoma,Female,117.0,-0.11933162393162393,30.0,40.0,0.2564102564102564,0.3418803418803419
TCGA-EW-A1P6,TCGA-EW-A1P6-01,18.0,0:LIVING,Invasive Breast Carcinoma,Female,150.0,-0.08797400000000001,18.0,24.0,0.12,0.16
TCGA-EW-A1P7,TCGA-EW-A1P7-01,12.0,0:LIVING,Invasive Breast Carcinoma,Female,146.0,-0.15682808219178082,8.0,22.0,0.0547945205479452,0.1506849315068493
TCGA-EW-A1P8,TCGA-EW-A1P8-01,25.0,1:DECEASED,Invasive Breast Carcinoma,Female,278.0,0.12991798561151077,168.0,102.0,0.60431654676259,0.3669064748201439
TCGA-EW-A1PA,TCGA-EW-A1PA-01,27.0,0:LIVING,Invasive Breast Carcinoma,Female,322.0,0.358860248447205,163.0,59.0,0.5062111801242236,0.18322981366459629
TCGA-EW-A1PB,TCGA-EW-A1PB-01,118.0,0:LIVING,Invasive Breast Carcinoma,Female,405.0,-0.08020641975308643,141.0,76.0,0.34814814814814815,0.18765432098765433
TCGA-EW-A1PC,TCGA-EW-A1PC-01,0.0,0:LIVING,Invasive Breast Carcinoma,Female,565.0,-0.0376516814159292,183.0,188.0,0.3238938053097345,0.3327433628318584
TCGA-EW-A1PD,TCGA-EW-A1PD-01,63.0,0:LIVING,Invasive Breast Carcinoma,Male,183.0,-0.059130601092896175,42.0,49.0,0.22950819672131148,0.2677595628415301
TCGA-EW-A1PE,TCGA-EW-A1PE-01,23.0,0:LIVING,Invasive Breast Carcinoma,Female,74.0,-0.15975,7.0,22.0,0.0945945945945946,0.2972972972972973
TCGA-EW-A1PF,TCGA-EW-A1PF-01,0.0,0:LIVING,Invasive Breast Carcinoma,Female,136.0,-0.1463764705882353,24.0,45.0,0.17647058823529413,0.33088235294117646
TCGA-EW-A1PG,TCGA-EW-A1PG-01,8.0,0:LIVING,Invasive Breast Carcinoma,Female,60.0,-0.121335,3.0,7.0,0.05,0.11666666666666667
TCGA-EW-A1PH,TCGA-EW-A1PH-01,39.0,0:LIVING,Invasive Breast Carcinoma,Female,455.0,0.1509164835164835,207.0,99.0,0.45494505494505494,0.2175824175824176
TCGA-EW-A2FR,TCGA-EW-A2FR-01,0.0,0:LIVING,Invasive Breast Carcinoma,Female,309.0,0.1477692556634304,101.0,42.0,0.3268608414239482,0.13592233009708737
TCGA-EW-A2FS,TCGA-EW-A2FS-01,24.0,0:LIVING,Invasive Breast Carcinoma,Female,295.0,0.19290101694915254,131.0,53.0,0.4440677966101695,0.17966101694915254
TCGA-EW-A2FV,TCGA-EW-A2FV-01,430.0,0:LIVING,Invasive Breast Carcinoma,Female,342.0,0.1477906432748538,103.0,38.0,0.30116959064327486,0.1111111111111111
TCGA-EW-A2FW,TCGA-EW-A2FW-01,19.0,0:LIVING,Invasive Breast Carcinoma,Female,426.0,0.5095629107981221,196.0,75.0,0.460093896713615,0.176056338028169
TCGA-EW-A3E8,TCGA-EW-A3E8-01,0.0,0:LIVING,Invasive Breast Carcinoma,Female,176.0,-0.22597443181818183,9.0,58.0,0.05113636363636364,0.32954545454545453
TCGA-EW-A3U0,TCGA-EW-A3U0-01,0.0,0:LIVING,Invasive Breast Carcinoma,Female,948.0,0.08125938818565401,411.0,174.0,0.43354430379746833,0.18354430379746836
TCGA-EW-A423,TCGA-EW-A423-01,0.0,0:LIVING,Invasive Breast Carcinoma,Female,256.0,0.049905078125,120.0,80.0,0.46875,0.3125
TCGA-EW-A424,TCGA-EW-A424-01,0.0,0:LIVING,Invasive Breast Carcinoma,Female,227.0,-0.17408105726872244,12.0,61.0,0.05286343612334802,0.2687224669603524
TCGA-EW-A6S9,TCGA-EW-A6S9-01,12.0,0:LIVING,Invasive Breast Carcinoma,Female,377.0,0.07341114058355439,92.0,108.0,0.2440318302387268,0.2864721485411141
TCGA-EW-A6SA,TCGA-EW-A6SA-01,56.0,0:LIVING,Invasive Breast Carcinoma,Male,427.0,-0.09885784543325526,148.0,147.0,0.34660421545667447,0.3442622950819672
TCGA-EW-A6SB,TCGA-EW-A6SB-01,48.0,0:LIVING,Invasive Breast Carcinoma,Female,229.0,-0.10297991266375546,56.0,45.0,0.2445414847161572,0.1965065502183406
TCGA-EW-A6SC,TCGA-EW-A6SC-01,18.0,0:LIVING,Invasive Breast Carcinoma,Female,177.0,0.052946892655367235,66.0,48.0,0.3728813559322034,0.2711864406779661
TCGA-EW-A6SD,TCGA-EW-A6SD-01,37.0,0:LIVING,Invasive Breast Carcinoma,Female,517.0,0.21256402321083173,256.0,119.0,0.4951644100580271,0.23017408123791103
TCGA-GI-A2C8,TCGA-GI-A2C8-01,89.0,0:LIVING,Invasive Breast Carcinoma,Female,632.0,0.20902278481012657,281.0,145.0,0.44462025316455694,0.22943037974683544
TCGA-GI-A2C9,TCGA-GI-A2C9-01,0.0,0:LIVING,Invasive Breast Carcinoma,Female,714.0,-0.04037591036414566,227.0,201.0,0.3179271708683473,0.2815126050420168
TCGA-GM-A2D9,TCGA-GM-A2D9-01,369.0,1:DECEASED,Invasive Breast Carcinoma,Female,160.0,0.017426875,43.0,33.0,0.26875,0.20625
TCGA-GM-A2DA,TCGA-GM-A2DA-01,21.0,1:DECEASED,Invasive Breast Carcinoma,Female,152.0,0.08862763157894737,49.0,40.0,0.3223684210526316,0.2631578947368421
TCGA-GM-A2DB,TCGA-GM-A2DB-01,113.0,0:LIVING,Invasive Breast Carcinoma,Female,383.0,0.06308720626631854,109.0,48.0,0.2845953002610966,0.12532637075718014
TCGA-GM-A2DC,TCGA-GM-A2DC-01,12.0,0:LIVING,Invasive Breast Carcinoma,Female,271.0,-0.09709963099630996,93.0,85.0,0.34317343173431736,0.31365313653136534
TCGA-GM-A2DD,TCGA-GM-A2DD-01,43.0,0:LIVING,Invasive Breast Carcinoma,Female,793.0,0.05939773013871375,196.0,52.0,0.2471626733921816,0.06557377049180328
TCGA-GM-A2DF,TCGA-GM-A2DF-01,34.0,0:LIVING,Invasive Breast Carcinoma,Female,441.0,0.0600514739229025,167.0,74.0,0.3786848072562358,0.16780045351473924
TCGA-GM-A2DH,TCGA-GM-A2DH-01,152.0,0:LIVING,Invasive Breast Carcinoma,Female,364.0,0.1281686813186813,123.0,61.0,0.33791208791208793,0.16758241758241757
TCGA-GM-A2DI,TCGA-GM-A2DI-01,49.0,0:LIVING,Invasive Breast Carcinoma,Female,126.0,-0.06541746031746032,14.0,15.0,0.1111111111111111,0.11904761904761904
TCGA-GM-A2DK,TCGA-GM-A2DK-01,16.0,0:LIVING,Invasive Breast Carcinoma,Female,228.0,0.1785456140350877,93.0,48.0,0.40789473684210525,0.21052631578947367
TCGA-GM-A2DL,TCGA-GM-A2DL-01,37.0,0:LIVING,Invasive Breast Carcinoma,Female,252.0,-0.04161666666666667,66.0,81.0,0.2619047619047619,0.32142857142857145
TCGA-GM-A2DM,TCGA-GM-A2DM-01,19.0,0:LIVING,Invasive Breast Carcinoma,Female,53.0,-0.3444188679245283,1.0,14.0,0.018867924528301886,0.2641509433962264
TCGA-GM-A2DN,TCGA-GM-A2DN-01,20.0,0:LIVING,Invasive Breast Carcinoma,Female,43.0,-0.2778023255813954,5.0,8.0,0.11627906976744186,0.18604651162790697
TCGA-GM-A2DO,TCGA-GM-A2DO-01,114.0,0:LIVING,Invasive Breast Carcinoma,Female,109.0,-0.023220183486238537,23.0,16.0,0.21100917431192662,0.14678899082568808
TCGA-GM-A3NW,TCGA-GM-A3NW-01,46.0,0:LIVING,Invasive Breast Carcinoma,Female,220.0,0.13813363636363638,60.0,47.0,0.2727272727272727,0.21363636363636362
TCGA-GM-A3NY,TCGA-GM-A3NY-01,0.0,0:LIVING,Invasive Breast Carcinoma,Female,99.0,-0.3221464646464646,6.0,35.0,0.06060606060606061,0.35353535353535354
TCGA-GM-A3XG,TCGA-GM-A3XG-01,5.0,0:LIVING,Invasive Breast Carcinoma,Female,45.0,-0.18910222222222223,0.0,7.0,0.0,0.15555555555555556
TCGA-GM-A3XL,TCGA-GM-A3XL-01,87.0,0:LIVING,Invasive Breast Carcinoma,Female,542.0,-0.13353856088560884,158.0,159.0,0.2915129151291513,0.2933579335793358
TCGA-GM-A3XN,TCGA-GM-A3XN-01,0.0,0:LIVING,Invasive Breast Carcinoma,Female,53.0,-0.2936924528301887,7.0,16.0,0.1320754716981132,0.3018867924528302
TCGA-GM-A4E0,TCGA-GM-A4E0-01,0.0,0:LIVING,Invasive Breast Carcinoma,Female,65.0,-0.20635384615384617,5.0,11.0,0.07692307692307693,0.16923076923076924
TCGA-GM-A5PV,TCGA-GM-A5PV-01,19.0,0:LIVING,Invasive Breast Carcinoma,Female,66.0,-0.09465151515151517,3.0,9.0,0.045454545454545456,0.13636363636363635
TCGA-GM-A5PX,TCGA-GM-A5PX-01,22.0,0:LIVING,Invasive Breast Carcinoma,Female,63.0,-0.16163015873015874,7.0,17.0,0.1111111111111111,0.2698412698412698
TCGA-HN-A2NL,TCGA-HN-A2NL-01,65.0,0:LIVING,Invasive Breast Carcinoma,Female,288.0,-0.14296319444444444,141.0,128.0,0.4895833333333333,0.4444444444444444
TCGA-HN-A2OB,TCGA-HN-A2OB-01,12.0,1:DECEASED,Invasive Breast Carcinoma,Female,89.0,-0.18991460674157304,17.0,19.0,0.19101123595505617,0.21348314606741572
TCGA-JL-A3YW,TCGA-JL-A3YW-01,0.0,0:LIVING,Invasive Breast Carcinoma,Female,403.0,0.05863200992555831,135.0,35.0,0.3349875930521092,0.08684863523573201
TCGA-JL-A3YX,TCGA-JL-A3YX-01,0.0,0:LIVING,Invasive Breast Carcinoma,Female,122.0,-0.30165081967213114,16.0,41.0,0.13114754098360656,0.3360655737704918
TCGA-LD-A66U,TCGA-LD-A66U-01,20.0,0:LIVING,Invasive Breast Carcinoma,Female,75.0,-0.199376,13.0,28.0,0.17333333333333334,0.37333333333333335
TCGA-LD-A74U,TCGA-LD-A74U-01,160.0,0:LIVING,Invasive Breast Carcinoma,Female,76.0,-0.03215263157894737,11.0,17.0,0.14473684210526316,0.2236842105263158
TCGA-LD-A7W5,TCGA-LD-A7W5-01,29.0,0:LIVING,Invasive Breast Carcinoma,Female,439.0,0.04297357630979499,130.0,143.0,0.296127562642369,0.32574031890660593
TCGA-LD-A7W6,TCGA-LD-A7W6-01,23.0,0:LIVING,Invasive Breast Carcinoma,Female,110.0,0.16748363636363636,45.0,18.0,0.4090909090909091,0.16363636363636364
TCGA-LD-A9QF,TCGA-LD-A9QF-01,9.0,0:LIVING,Invasive Breast Carcinoma,Female,183.0,0.08176502732240437,62.0,20.0,0.33879781420765026,0.1092896174863388
TCGA-LL-A440,TCGA-LL-A440-01,0.0,0:LIVING,Invasive Breast Carcinoma,Female,162.0,-0.040854320987654326,29.0,13.0,0.17901234567901234,0.08024691358024691
TCGA-LL-A441,TCGA-LL-A441-01,0.0,0:LIVING,Invasive Breast Carcinoma,Female,411.0,-0.03455863746958638,75.0,70.0,0.18248175182481752,0.170316301703163
TCGA-LL-A442,TCGA-LL-A442-01,0.0,0:LIVING,Invasive Breast Carcinoma,Female,49.0,-0.3610183673469388,1.0,11.0,0.02040816326530612,0.22448979591836735
TCGA-LL-A50Y,TCGA-LL-A50Y-01,25.0,0:LIVING,Invasive Breast Carcinoma,Female,79.0,-0.43562151898734175,7.0,20.0,0.08860759493670886,0.25316455696202533
TCGA-LL-A5YL,TCGA-LL-A5YL-01,49.0,0:LIVING,Invasive Breast Carcinoma,Female,73.0,-0.3303821917808219,8.0,27.0,0.1095890410958904,0.3698630136986301
TCGA-LL-A5YM,TCGA-LL-A5YM-01,16.0,0:LIVING,Invasive Breast Carcinoma,Female,327.0,0.025917737003058102,127.0,80.0,0.38837920489296635,0.24464831804281345
TCGA-LL-A5YN,TCGA-LL-A5YN-01,21.0,0:LIVING,Invasive Breast Carcinoma,Female,288.0,-0.18410763888888887,48.0,79.0,0.16666666666666666,0.2743055555555556
TCGA-LL-A5YO,TCGA-LL-A5YO-01,36.0,0:LIVING,Invasive Breast Carcinoma,Female,215.0,-0.1548837209302326,32.0,26.0,0.14883720930232558,0.12093023255813953
TCGA-LL-A5YP,TCGA-LL-A5YP-01,58.0,0:LIVING,Invasive Breast Carcinoma,Female,512.0,0.0005685546874999982,209.0,148.0,0.408203125,0.2890625
TCGA-LL-A6FP,TCGA-LL-A6FP-01,47.0,0:LIVING,Invasive Breast Carcinoma,Female,164.0,-0.4460884146341464,32.0,66.0,0.1951219512195122,0.4024390243902439
TCGA-LL-A6FQ,TCGA-LL-A6FQ-01,33.0,0:LIVING,Invasive Breast Carcinoma,Female,312.0,-0.07378365384615385,130.0,88.0,0.4166666666666667,0.28205128205128205
TCGA-LL-A6FR,TCGA-LL-A6FR-01,28.0,0:LIVING,Invasive Breast Carcinoma,Female,492.0,-0.03980284552845528,178.0,164.0,0.3617886178861789,0.3333333333333333
TCGA-LL-A73Y,TCGA-LL-A73Y-01,95.0,0:LIVING,Invasive Breast Carcinoma,Female,277.0,-0.1868418772563177,85.0,77.0,0.30685920577617326,0.2779783393501805
TCGA-LL-A73Z,TCGA-LL-A73Z-01,29.0,1:DECEASED,Invasive Breast Carcinoma,Female,312.0,0.06479423076923076,80.0,33.0,0.2564102564102564,0.10576923076923077
TCGA-LL-A740,TCGA-LL-A740-01,39.0,0:LIVING,Invasive Breast Carcinoma,Female,244.0,-0.06281803278688525,89.0,59.0,0.36475409836065575,0.24180327868852458
TCGA-LL-A7SZ,TCGA-LL-A7SZ-01,36.0,0:LIVING,Invasive Breast Carcinoma,Female,520.0,0.2254378846153846,222.0,117.0,0.4269230769230769,0.225
TCGA-LL-A7T0,TCGA-LL-A7T0-01,33.0,0:LIVING,Invasive Breast Carcinoma,Female,315.0,-0.06606730158730159,123.0,74.0,0.3904761904761905,0.23492063492063492
TCGA-LL-A8F5,TCGA-LL-A8F5-01,120.0,0:LIVING,Invasive Breast Carcinoma,Female,700.0,-0.016536714285714287,294.0,218.0,0.42,0.31142857142857144
TCGA-LL-A9Q3,TCGA-LL-A9Q3-01,36.0,0:LIVING,Invasive Breast Carcinoma,Female,194.0,0.020342783505154637,79.0,35.0,0.4072164948453608,0.18041237113402062
TCGA-LQ-A4E4,TCGA-LQ-A4E4-01,0.0,0:LIVING,Invasive Breast Carcinoma,Female,327.0,-0.009029051987767581,43.0,53.0,0.13149847094801223,0.1620795107033639
TCGA-MS-A51U,TCGA-MS-A51U-01,0.0,0:LIVING,Invasive Breast Carcinoma,Female,150.0,-0.20198466666666667,27.0,52.0,0.18,0.3466666666666667
TCGA-OK-A5Q2,TCGA-OK-A5Q2-01,24.0,0:LIVING,Invasive Breast Carcinoma,Female,177.0,-0.04624463276836159,68.0,38.0,0.384180790960452,0.21468926553672316
TCGA-OL-A5D6,TCGA-OL-A5D6-01,27.0,1:DECEASED,Invasive Breast Carcinoma,Female,167.0,-0.25895928143712577,26.0,55.0,0.15568862275449102,0.32934131736526945
TCGA-OL-A5D7,TCGA-OL-A5D7-01,42.0,0:LIVING,Invasive Breast Carcinoma,Female,619.0,0.13828513731825526,243.0,133.0,0.3925686591276252,0.2148626817447496
TCGA-OL-A5D8,TCGA-OL-A5D8-01,22.0,0:LIVING,Invasive Breast Carcinoma,Female,261.0,0.3247467432950191,137.0,47.0,0.524904214559387,0.18007662835249041
TCGA-OL-A5DA,TCGA-OL-A5DA-01,52.0,0:LIVING,Invasive Breast Carcinoma,Female,221.0,-0.0017597285067873292,68.0,52.0,0.3076923076923077,0.23529411764705882
TCGA-OL-A5RU,TCGA-OL-A5RU-01,26.0,0:LIVING,Invasive Breast Carcinoma,Female,75.0,-0.25354,8.0,22.0,0.10666666666666667,0.29333333333333333
TCGA-OL-A5RV,TCGA-OL-A5RV-01,9.0,0:LIVING,Invasive Breast Carcinoma,Female,91.0,-0.5863846153846154,8.0,28.0,0.08791208791208792,0.3076923076923077
TCGA-OL-A5RW,TCGA-OL-A5RW-01,138.0,0:LIVING,Invasive Breast Carcinoma,Female,789.0,0.031407984790874525,411.0,226.0,0.5209125475285171,0.2864385297845374
TCGA-OL-A5RX,TCGA-OL-A5RX-01,18.0,0:LIVING,Invasive Breast Carcinoma,Female,88.0,-0.31998295454545456,15.0,27.0,0.17045454545454544,0.3068181818181818
TCGA-OL-A5RY,TCGA-OL-A5RY-01,10.0,0:LIVING,Invasive Breast Carcinoma,Female,118.0,-0.20608474576271188,10.0,22.0,0.0847457627118644,0.1864406779661017
TCGA-OL-A5RZ,TCGA-OL-A5RZ-01,76.0,0:LIVING,Invasive Breast Carcinoma,Female,608.0,0.40083042763157894,314.0,177.0,0.5164473684210527,0.2911184210526316
TCGA-OL-A5S0,TCGA-OL-A5S0-01,26.0,0:LIVING,Invasive Breast Carcinoma,Female,331.0,-0.09676918429003022,108.0,132.0,0.32628398791540786,0.3987915407854985
TCGA-OL-A66H,TCGA-OL-A66H-01,16.0,0:LIVING,Invasive Breast Carcinoma,Female,75.0,-0.4723,5.0,24.0,0.06666666666666667,0.32
TCGA-OL-A66I,TCGA-OL-A66I-01,31.0,0:LIVING,Invasive Breast Carcinoma,Female,484.0,-0.05004793388429752,148.0,142.0,0.30578512396694213,0.29338842975206614
TCGA-OL-A66J,TCGA-OL-A66J-01,42.0,0:LIVING,Invasive Breast Carcinoma,Female,80.0,-0.08920625,15.0,25.0,0.1875,0.3125
TCGA-OL-A66K,TCGA-OL-A66K-01,21.0,1:DECEASED,Invasive Breast Carcinoma,Female,128.0,-0.115484375,35.0,26.0,0.2734375,0.203125
TCGA-OL-A66L,TCGA-OL-A66L-01,50.0,0:LIVING,Invasive Breast Carcinoma,Female,120.0,-0.41045583333333335,10.0,54.0,0.08333333333333333,0.45
TCGA-OL-A66N,TCGA-OL-A66N-01,29.0,0:LIVING,Invasive Breast Carcinoma,Female,96.0,-0.17000416666666665,20.0,33.0,0.20833333333333334,0.34375
TCGA-OL-A66O,TCGA-OL-A66O-01,20.0,0:LIVING,Invasive Breast Carcinoma,Female,267.0,-0.12372734082397005,41.0,60.0,0.15355805243445692,0.2247191011235955
TCGA-OL-A66P,TCGA-OL-A66P-01,74.0,0:LIVING,Invasive Breast Carcinoma,Female,481.0,-0.12576257796257795,92.0,93.0,0.19126819126819128,0.19334719334719336
TCGA-OL-A6VO,TCGA-OL-A6VO-01,18.0,0:LIVING,Invasive Breast Carcinoma,Female,509.0,-0.014896856581532418,182.0,129.0,0.3575638506876228,0.25343811394891946
TCGA-OL-A6VQ,TCGA-OL-A6VQ-01,42.0,0:LIVING,Invasive Breast Carcinoma,Female,78.0,-0.21366538461538462,9.0,24.0,0.11538461538461539,0.3076923076923077
TCGA-OL-A6VR,TCGA-OL-A6VR-01,7.0,0:LIVING,Invasive Breast Carcinoma,Female,159.0,-0.04208553459119497,34.0,33.0,0.2138364779874214,0.20754716981132076
TCGA-OL-A97C,TCGA-OL-A97C-01,55.0,0:LIVING,Invasive Breast Carcinoma,Female,137.0,-0.23886131386861317,45.0,40.0,0.3284671532846715,0.291970802919708
TCGA-PE-A5DC,TCGA-PE-A5DC-01,81.0,1:DECEASED,Invasive Breast Carcinoma,Female,295.0,-0.2023928813559322,80.0,103.0,0.2711864406779661,0.34915254237288135
TCGA-PE-A5DD,TCGA-PE-A5DD-01,41.0,0:LIVING,Invasive Breast Carcinoma,Female,145.0,-0.3025379310344828,21.0,50.0,0.14482758620689656,0.3448275862068966
TCGA-PE-A5DE,TCGA-PE-A5DE-01,320.0,0:LIVING,Invasive Breast Carcinoma,Female,94.0,-0.3825212765957447,30.0,41.0,0.3191489361702128,0.43617021276595747
TCGA-PL-A8LV,TCGA-PL-A8LV-01,82.0,0:LIVING,Invasive Breast Carcinoma,Female,249.0,-0.1765028112449799,84.0,112.0,0.3373493975903614,0.4497991967871486
TCGA-PL-A8LX,TCGA-PL-A8LX-01,25.0,0:LIVING,Invasive Breast Carcinoma,Female,163.0,-0.19958098159509202,37.0,50.0,0.22699386503067484,0.3067484662576687
TCGA-PL-A8LY,TCGA-PL-A8LY-01,1.0,0:LIVING,Invasive Breast Carcinoma,Female,123.0,-0.5734764227642276,2.0,48.0,0.016260162601626018,0.3902439024390244
TCGA-PL-A8LZ,TCGA-PL-A8LZ-01,71.0,0:LIVING,Invasive Breast Carcinoma,Female,341.0,-0.18237624633431085,98.0,88.0,0.2873900293255132,0.25806451612903225
TCGA-S3-A6ZF,TCGA-S3-A6ZF-01,21.0,0:LIVING,Invasive Breast Carcinoma,Female,262.0,0.017514503816793894,121.0,83.0,0.4618320610687023,0.31679389312977096
TCGA-S3-A6ZG,TCGA-S3-A6ZG-01,31.0,0:LIVING,Invasive Breast Carcinoma,Female,115.0,0.00763913043478261,37.0,29.0,0.3217391304347826,0.25217391304347825
TCGA-S3-A6ZH,TCGA-S3-A6ZH-01,24.0,0:LIVING,Invasive Breast Carcinoma,Female,435.0,-0.03419379310344828,117.0,104.0,0.2689655172413793,0.23908045977011494
TCGA-S3-AA0Z,TCGA-S3-AA0Z-01,44.0,0:LIVING,Invasive Breast Carcinoma,Female,384.0,-0.23997213541666665,161.0,111.0,0.4192708333333333,0.2890625
TCGA-S3-AA10,TCGA-S3-AA10-01,100.0,0:LIVING,Invasive Breast Carcinoma,Female,423.0,-0.0992016548463357,112.0,145.0,0.2647754137115839,0.34278959810874704
TCGA-S3-AA11,TCGA-S3-AA11-01,55.0,0:LIVING,Invasive Breast Carcinoma,Female,107.0,-0.3685598130841121,6.0,35.0,0.056074766355140186,0.32710280373831774
TCGA-S3-AA12,TCGA-S3-AA12-01,28.0,0:LIVING,Invasive Breast Carcinoma,Female,167.0,0.27425269461077845,62.0,43.0,0.3712574850299401,0.25748502994011974
TCGA-S3-AA14,TCGA-S3-AA14-01,11.0,0:LIVING,Invasive Breast Carcinoma,Female,387.0,-0.08169069767441861,38.0,106.0,0.09819121447028424,0.2739018087855297
TCGA-S3-AA15,TCGA-S3-AA15-01,20.0,0:LIVING,Invasive Breast Carcinoma,Female,138.0,-0.20096884057971015,3.0,22.0,0.021739130434782608,0.15942028985507245
TCGA-S3-AA17,TCGA-S3-AA17-01,82.0,0:LIVING,Invasive Breast Carcinoma,Female,180.0,-0.085485,50.0,54.0,0.2777777777777778,0.3
TCGA-UL-AAZ6,TCGA-UL-AAZ6-01,67.0,0:LIVING,Invasive Breast Carcinoma,Female,739.0,0.1060848443843031,373.0,187.0,0.5047361299052774,0.2530446549391069
TCGA-UU-A93S,TCGA-UU-A93S-01,109.0,1:DECEASED,Invasive Breast Carcinoma,Female,814.0,0.018186363636363636,332.0,190.0,0.40786240786240785,0.2334152334152334
TCGA-V7-A7HQ,TCGA-V7-A7HQ-01,17.0,0:LIVING,Invasive Breast Carcinoma,Female,149.0,-0.3865724832214765,13.0,65.0,0.087248322147651,0.436241610738255
TCGA-W8-A86G,TCGA-W8-A86G-01,12.0,0:LIVING,Invasive Breast Carcinoma,Female,111.0,-0.25574864864864866,11.0,36.0,0.0990990990990991,0.32432432432432434
TCGA-WT-AB41,TCGA-WT-AB41-01,34.0,0:LIVING,Invasive Breast Carcinoma,Female,251.0,-0.09385816733067728,68.0,99.0,0.27091633466135456,0.3944223107569721
TCGA-WT-AB44,TCGA-WT-AB44-01,25.0,0:LIVING,Invasive Breast Carcinoma,Female,190.0,-0.06770263157894738,39.0,34.0,0.20526315789473684,0.17894736842105263
TCGA-XX-A899,TCGA-XX-A899-01,25.0,0:LIVING,Invasive Breast Carcinoma,Female,128.0,0.42298515625,52.0,15.0,0.40625,0.1171875
TCGA-XX-A89A,TCGA-XX-A89A-01,133.0,0:LIVING,Invasive Breast Carcinoma,Female,146.0,0.17671438356164385,35.0,43.0,0.23972602739726026,0.2945205479452055
TCGA-Z7-A8R5,TCGA-Z7-A8R5-01,17.0,0:LIVING,Invasive Breast Carcinoma,Female,62.0,-0.1629032258064516,7.0,11.0,0.11290322580645161,0.1774193548387097
TCGA-Z7-A8R6,TCGA-Z7-A8R6-01,50.0,0:LIVING,Invasive Breast Carcinoma,Female,372.0,-0.06950483870967741,124.0,77.0,0.3333333333333333,0.20698924731182797
